frame_index,stamp_ns,tracking_state,method,pair_type,extract_a_ms,extract_b_ms,preprocess_a_ms,preprocess_b_ms,bpu_a_ms,bpu_b_ms,postprocess_a_ms,postprocess_b_ms,keypoints_a,keypoints_b,match_ms,geometry_ms,end_to_end_pair_ms,matches,ransac_inliers,strict_inliers,strict_inlier_ratio,strict_grid_coverage,median_vertical_error_px,median_disparity_px
0,2569011476808,-1,xfeat_bpu,stereo,66.218292,59.680976,4.641214,3.572161,16.032370,15.519448,45.544708,40.589367,1024,1024,30.974854,14.895442,171.769564,554,377,353,0.637184,0.687500,1.000000,4.000000
0,2569011476808,-1,orb_cpu,stereo,65.251949,63.629557,0.000000,0.000000,0.000000,0.000000,0.000000,0.000000,957,927,20.346455,2.230939,151.458900,562,500,498,0.886121,0.479167,0.000000,1.727997
1,2569101470849,-1,xfeat_bpu,stereo,60.788529,60.029479,3.556453,3.565911,15.643116,15.695324,41.588960,40.768244,1024,1024,31.017396,13.832514,165.667918,551,383,359,0.651543,0.708333,1.000000,3.000000
1,2569101470849,-1,orb_cpu,stereo,65.987706,63.543765,0.000000,0.000000,0.000000,0.000000,0.000000,0.000000,957,923,19.308277,1.814393,150.654141,567,504,500,0.881834,0.458333,0.000000,1.728004
1,2569101470849,-1,xfeat_bpu,temporal,66.218292,60.788529,4.641214,3.556453,16.032370,15.643116,45.544708,41.588960,1024,1024,30.903560,2.959655,160.870036,759,667,667,0.878788,0.791667,0.000000,nan
1,2569101470849,-1,orb_cpu,temporal,65.251949,65.987706,0.000000,0.000000,0.000000,0.000000,0.000000,0.000000,957,957,19.896616,0.720133,151.856404,814,811,811,0.996314,0.541667,0.000000,nan
10,2570001461725,-1,xfeat_bpu,stereo,59.897851,59.901060,3.554494,3.569744,15.645157,15.701866,40.698200,40.629450,1024,1024,30.944561,24.302161,175.045633,571,361,336,0.588441,0.687500,1.000000,4.000000
10,2570001461725,-1,orb_cpu,stereo,65.558033,63.869432,0.000000,0.000000,0.000000,0.000000,0.000000,0.000000,948,926,19.354819,2.004353,150.786637,557,498,496,0.890485,0.458333,0.000000,1.727997
11,2570181473058,-1,xfeat_bpu,stereo,60.326022,60.147936,3.583119,3.598702,15.452488,15.442655,41.290415,41.106579,1024,1024,31.006019,13.502094,164.982071,541,373,339,0.626617,0.666667,1.000000,3.000000
11,2570181473058,-1,orb_cpu,stereo,65.638617,63.520095,0.000000,0.000000,0.000000,0.000000,0.000000,0.000000,962,921,19.371944,2.072104,150.602760,555,494,492,0.886486,0.458333,0.000000,1.727997
11,2570181473058,-1,xfeat_bpu,temporal,59.897851,60.326022,3.554494,3.583119,15.645157,15.452488,40.698200,41.290415,1024,1024,30.946685,2.746069,153.916627,731,638,638,0.872777,0.770833,0.000000,nan
11,2570181473058,-1,orb_cpu,temporal,65.558033,65.638617,0.000000,0.000000,0.000000,0.000000,0.000000,0.000000,948,962,19.864158,0.781466,151.842274,813,801,801,0.985240,0.562500,0.000000,nan
20,2571081465434,-1,xfeat_bpu,stereo,94.582488,68.774896,8.191207,4.380210,18.213682,15.864742,68.177599,48.529944,1024,1024,31.998278,9.117758,204.473420,572,421,385,0.673077,0.687500,1.000000,4.000000
20,2571081465434,-1,orb_cpu,stereo,64.791064,62.973421,0.000000,0.000000,0.000000,0.000000,0.000000,0.000000,938,910,18.584811,1.397722,147.747018,570,525,520,0.912281,0.458333,0.000000,1.727997
21,2571171462517,-1,xfeat_bpu,stereo,59.934016,60.082976,3.565328,3.562619,15.504530,15.447738,40.864158,41.072619,1024,1024,32.027487,10.446855,162.491334,574,410,383,0.667247,0.645833,1.000000,4.000000
21,2571171462517,-1,orb_cpu,stereo,65.096484,62.949630,0.000000,0.000000,0.000000,0.000000,0.000000,0.000000,951,914,18.959606,1.811518,148.817238,565,510,505,0.893805,0.479167,0.000000,1.727997
21,2571171462517,-1,xfeat_bpu,temporal,94.582488,59.934016,8.191207,3.565328,18.213682,15.504530,68.177599,40.864158,1024,1024,31.012976,2.044604,187.574084,747,667,667,0.892905,0.687500,0.000000,nan
21,2571171462517,-1,orb_cpu,temporal,64.791064,65.096484,0.000000,0.000000,0.000000,0.000000,0.000000,0.000000,938,951,20.710165,0.705507,151.303220,811,806,806,0.993835,0.500000,0.000000,nan
30,2572071470309,1,xfeat_bpu,stereo,59.846596,59.690636,3.582244,3.596369,15.464779,15.427404,40.799573,40.666863,1024,1024,38.121379,9.743514,167.402125,605,442,409,0.676033,0.625000,1.000000,3.000000
30,2572071470309,1,orb_cpu,stereo,81.171808,62.673291,0.000000,0.000000,0.000000,0.000000,0.000000,0.000000,954,900,18.694519,1.823894,164.363512,567,510,504,0.888889,0.437500,0.000000,1.727997
31,2572161479393,1,xfeat_bpu,stereo,58.957962,59.719387,3.555077,3.579619,15.494696,15.409071,39.908189,40.730697,1024,1024,36.167527,21.948886,176.793762,583,415,386,0.662093,0.687500,1.000000,3.000000
31,2572161479393,1,orb_cpu,stereo,64.640019,62.500872,0.000000,0.000000,0.000000,0.000000,0.000000,0.000000,952,910,21.530340,1.914144,150.585375,570,513,509,0.892982,0.437500,0.000000,1.727997
31,2572161479393,1,xfeat_bpu,temporal,59.846596,58.957962,3.582244,3.555077,15.464779,15.494696,40.799573,39.908189,1024,1024,33.041288,2.398232,154.244078,748,670,670,0.895722,0.750000,0.000000,nan
31,2572161479393,1,orb_cpu,temporal,81.171808,64.640019,0.000000,0.000000,0.000000,0.000000,0.000000,0.000000,954,952,21.345879,0.770841,167.928547,824,817,817,0.991505,0.479167,0.000000,nan
40,2573151513851,1,xfeat_bpu,stereo,94.803066,68.558306,8.677920,4.394002,18.326515,15.853574,67.798631,48.310730,1024,1024,32.024110,32.503364,227.888846,579,382,349,0.602763,0.583333,1.000000,3.000000
40,2573151513851,1,orb_cpu,stereo,65.139897,62.351411,0.000000,0.000000,0.000000,0.000000,0.000000,0.000000,959,912,19.067439,1.828393,148.387140,577,519,514,0.890815,0.479167,0.000000,1.727997
41,2573241482810,1,xfeat_bpu,stereo,59.833844,59.653175,3.564827,3.565785,15.497154,15.396986,40.771863,40.690404,1024,1024,35.244641,10.228143,164.959803,602,432,400,0.664452,0.645833,1.000000,3.000000
41,2573241482810,1,orb_cpu,stereo,65.257856,62.941416,0.000000,0.000000,0.000000,0.000000,0.000000,0.000000,956,919,21.699090,1.918352,151.816714,563,503,501,0.889876,0.479167,0.000000,1.727997
41,2573241482810,1,xfeat_bpu,temporal,94.803066,59.833844,8.677920,3.564827,18.326515,15.497154,67.798631,40.771863,1024,1024,32.816409,2.366981,189.820300,740,655,655,0.885135,0.750000,0.000000,nan
41,2573241482810,1,orb_cpu,temporal,65.139897,65.257856,0.000000,0.000000,0.000000,0.000000,0.000000,0.000000,959,956,19.985032,0.415879,150.798664,814,807,807,0.991400,0.520833,0.000000,nan
50,2574141488394,1,xfeat_bpu,stereo,60.079427,60.706642,3.552910,3.567619,15.925074,15.889407,40.601443,41.249616,1024,1024,31.946315,9.482677,162.215061,583,427,397,0.680961,0.645833,1.000000,3.000000
50,2574141488394,1,orb_cpu,stereo,102.795059,62.349991,0.000000,0.000000,0.000000,0.000000,0.000000,0.000000,959,908,18.940062,1.647892,185.733004,571,515,510,0.893170,0.479167,0.000000,1.727997
51,2574231483935,1,xfeat_bpu,stereo,59.750675,59.689549,3.587744,3.591577,15.526695,15.485570,40.636236,40.612402,1024,1024,32.026984,7.968704,159.435912,614,462,421,0.685668,0.666667,0.500000,3.000000
51,2574231483935,1,orb_cpu,stereo,65.860193,62.436034,0.000000,0.000000,0.000000,0.000000,0.000000,0.000000,955,909,18.901770,1.746850,148.944847,575,527,526,0.914783,0.479167,0.000000,1.727997
51,2574231483935,1,xfeat_bpu,temporal,60.079427,59.750675,3.552910,3.587744,15.925074,15.526695,40.601443,40.636236,1024,1024,30.979515,2.286314,153.095931,752,676,676,0.898936,0.770833,0.000000,nan
51,2574231483935,1,orb_cpu,temporal,102.795059,65.860193,0.000000,0.000000,0.000000,0.000000,0.000000,0.000000,959,955,20.943540,0.519297,190.118089,822,815,815,0.991484,0.520833,0.000000,nan
60,2575131484561,1,xfeat_bpu,stereo,102.881222,73.007719,17.119418,4.398793,18.404598,18.286222,67.357206,50.322704,1024,1024,35.311348,10.752272,221.952561,588,450,413,0.702381,0.625000,1.000000,4.000000
60,2575131484561,1,orb_cpu,stereo,65.180559,62.110446,0.000000,0.000000,0.000000,0.000000,0.000000,0.000000,953,903,21.371128,1.852059,150.514192,575,519,516,0.897391,0.520833,0.000000,1.727997
61,2575221484144,1,xfeat_bpu,stereo,59.263751,59.741756,3.568494,3.560702,15.566445,15.501986,40.128812,40.679068,1024,1024,30.989180,21.598671,171.593358,599,397,362,0.604341,0.625000,1.000000,3.000000
61,2575221484144,1,orb_cpu,stereo,64.965391,62.979995,0.000000,0.000000,0.000000,0.000000,0.000000,0.000000,962,924,19.347899,1.561474,148.854759,587,538,536,0.913118,0.500000,0.000000,1.727997
61,2575221484144,1,xfeat_bpu,temporal,102.881222,59.263751,17.119418,3.568494,18.404598,15.566445,67.357206,40.128812,1024,1024,34.309921,2.063645,198.518539,753,679,679,0.901726,0.729167,0.000000,nan
61,2575221484144,1,orb_cpu,temporal,65.180559,64.965391,0.000000,0.000000,0.000000,0.000000,0.000000,0.000000,953,962,19.973113,1.111969,151.231032,829,818,818,0.986731,0.520833,0.000000,nan
70,2576211494853,1,xfeat_bpu,stereo,60.666221,59.790212,3.558202,3.565660,15.965198,15.477152,41.142821,40.747400,1024,1024,36.609110,7.847577,164.913120,588,436,399,0.678571,0.666667,1.000000,3.000000
70,2576211494853,1,orb_cpu,stereo,90.135802,63.126619,0.000000,0.000000,0.000000,0.000000,0.000000,0.000000,959,899,18.810768,2.602901,174.676090,578,498,495,0.856401,0.395833,0.000000,1.727997
71,2576301492853,1,xfeat_bpu,stereo,59.062621,59.814879,3.567076,3.595118,15.510903,15.475236,39.984642,40.744525,1024,1024,32.055357,10.833064,161.765921,593,424,384,0.647555,0.625000,1.000000,3.000000
71,2576301492853,1,orb_cpu,stereo,64.906137,62.313903,0.000000,0.000000,0.000000,0.000000,0.000000,0.000000,950,910,18.847227,1.857935,147.925202,589,527,523,0.887946,0.479167,0.000000,1.727997
71,2576301492853,1,xfeat_bpu,temporal,60.666221,59.062621,3.558202,3.567076,15.965198,15.510903,41.142821,39.984642,1024,1024,31.004055,2.298356,153.031253,762,691,691,0.906824,0.750000,0.000000,nan
71,2576301492853,1,orb_cpu,temporal,90.135802,64.906137,0.000000,0.000000,0.000000,0.000000,0.000000,0.000000,959,950,19.866654,0.957135,175.865728,816,806,806,0.987745,0.520833,0.000000,nan
80,2577201491645,1,xfeat_bpu,stereo,100.882029,68.733839,9.668012,4.401960,24.444197,15.856322,66.769820,48.475557,1024,1024,40.991068,23.391437,233.998373,580,372,343,0.591379,0.562500,1.000000,3.500000
80,2577201491645,1,orb_cpu,stereo,65.482932,62.190234,0.000000,0.000000,0.000000,0.000000,0.000000,0.000000,956,911,25.038078,1.688850,154.400094,572,511,507,0.886364,0.479167,0.000000,1.727997
81,2577291484020,1,xfeat_bpu,stereo,60.363340,59.818752,3.531951,3.563743,15.829988,15.429235,41.001401,40.825774,1024,1024,35.341387,8.388249,163.911728,575,424,387,0.673043,0.645833,1.000000,3.000000
81,2577291484020,1,orb_cpu,stereo,64.782967,62.495194,0.000000,0.000000,0.000000,0.000000,0.000000,0.000000,954,914,21.444251,1.736642,150.459054,571,509,506,0.886165,0.479167,0.000000,1.727997
81,2577291484020,1,xfeat_bpu,temporal,100.882029,60.363340,9.668012,3.531951,24.444197,15.829988,66.769820,41.001401,1024,1024,32.018271,2.620025,195.883665,748,672,672,0.898396,0.687500,0.000000,nan
81,2577291484020,1,orb_cpu,temporal,65.482932,64.782967,0.000000,0.000000,0.000000,0.000000,0.000000,0.000000,956,954,19.939570,0.548880,150.754349,826,822,822,0.995157,0.520833,0.000000,nan
90,2578191503937,1,xfeat_bpu,stereo,59.474455,59.930876,3.521701,3.530326,15.501359,15.422234,40.451395,40.978316,1024,1024,34.355710,15.092939,168.853980,580,416,380,0.655172,0.604167,1.000000,3.000000
90,2578191503937,1,orb_cpu,stereo,89.716916,62.562776,0.000000,0.000000,0.000000,0.000000,0.000000,0.000000,958,914,19.096853,2.820569,174.197114,566,504,502,0.886926,0.500000,0.000000,1.727997
91,2578281501270,1,xfeat_bpu,stereo,59.271619,59.999627,3.516284,3.523326,15.467651,15.426359,40.287684,41.049942,1024,1024,34.176499,14.956270,168.404015,570,411,375,0.657895,0.604167,0.000000,3.000000
91,2578281501270,1,orb_cpu,stereo,65.361595,62.169981,0.000000,0.000000,0.000000,0.000000,0.000000,0.000000,957,895,18.653807,2.086978,148.272361,564,499,493,0.874113,0.479167,0.000000,1.727997
91,2578281501270,1,xfeat_bpu,temporal,59.474455,59.271619,3.521701,3.516284,15.501359,15.467651,40.451395,40.287684,1024,1024,30.986802,2.033311,151.766187,734,665,665,0.905995,0.750000,0.000000,nan
91,2578281501270,1,orb_cpu,temporal,89.716916,65.361595,0.000000,0.000000,0.000000,0.000000,0.000000,0.000000,958,957,21.453667,0.751591,177.283769,823,816,816,0.991495,0.520833,0.000000,nan
100,2579271529354,1,xfeat_bpu,stereo,81.137455,61.981060,8.678126,4.395834,18.319886,16.181074,54.139443,41.404152,1024,1024,34.844130,11.131858,189.094503,604,428,390,0.645695,0.666667,1.000000,3.000000
100,2579271529354,1,orb_cpu,stereo,65.386843,62.098686,0.000000,0.000000,0.000000,0.000000,0.000000,0.000000,951,901,18.716932,4.243457,150.445918,558,461,445,0.797491,0.375000,0.000000,1.727997
101,2579361495313,1,xfeat_bpu,stereo,60.115417,59.946124,3.546576,3.579285,15.483442,15.469567,41.085399,40.897272,1024,1024,31.905601,9.737595,161.704737,582,422,387,0.664948,0.645833,1.000000,3.000000
101,2579361495313,1,orb_cpu,stereo,65.477928,62.042519,0.000000,0.000000,0.000000,0.000000,0.000000,0.000000,958,909,18.998934,1.915102,148.434483,566,510,507,0.895760,0.458333,0.000000,1.727997
101,2579361495313,1,xfeat_bpu,temporal,81.137455,60.115417,8.678126,3.546576,18.319886,15.483442,54.139443,41.085399,1024,1024,31.047218,2.499982,174.800072,758,669,669,0.882586,0.750000,0.000000,nan
101,2579361495313,1,orb_cpu,temporal,65.386843,65.477928,0.000000,0.000000,0.000000,0.000000,0.000000,0.000000,951,958,19.882109,0.841716,151.588596,814,800,800,0.982801,0.520833,0.000000,nan
110,2580261503230,1,xfeat_bpu,stereo,63.730825,61.188133,3.584493,3.563576,18.261843,15.871153,41.884489,41.753404,1024,1024,31.872225,17.194166,173.985349,601,404,383,0.637271,0.625000,1.000000,7.000000
110,2580261503230,1,orb_cpu,stereo,104.440343,62.029850,0.000000,0.000000,0.000000,0.000000,0.000000,0.000000,954,902,18.791557,1.778767,187.040517,592,538,531,0.896959,0.437500,0.000000,1.727997
111,2580351508313,1,xfeat_bpu,stereo,60.399376,60.100248,3.591785,3.597159,15.954112,15.416816,40.853479,41.086273,1024,1024,35.630720,15.662985,171.793329,602,436,408,0.677741,0.687500,1.000000,13.500000
111,2580351508313,1,orb_cpu,stereo,64.073203,62.103184,0.000000,0.000000,0.000000,0.000000,0.000000,0.000000,962,904,18.932141,2.069187,147.177715,599,537,533,0.889816,0.479167,0.000000,1.727997
111,2580351508313,1,xfeat_bpu,temporal,63.730825,60.399376,3.584493,3.591785,18.261843,15.954112,41.884489,40.853479,1024,1024,37.533279,25.637414,187.300894,604,384,384,0.635762,0.687500,4.000000,nan
111,2580351508313,1,orb_cpu,temporal,104.440343,64.073203,0.000000,0.000000,0.000000,0.000000,0.000000,0.000000,954,962,19.994443,3.478409,191.986398,643,540,540,0.839813,0.416667,1.440002,nan
120,2581341517064,1,xfeat_bpu,stereo,100.697137,68.588036,8.614416,4.407917,18.317719,15.869653,73.765002,48.310466,1024,1024,31.891308,35.932471,237.108952,607,366,336,0.553542,0.583333,1.000000,7.000000
120,2581341517064,1,orb_cpu,stereo,63.095066,60.977379,0.000000,0.000000,0.000000,0.000000,0.000000,0.000000,913,839,16.714453,1.834767,142.621665,571,518,517,0.905429,0.479167,0.000000,1.791595
121,2581431510480,1,xfeat_bpu,stereo,59.620492,59.650866,3.559951,3.558117,15.474899,15.396607,40.585642,40.696142,1024,1024,31.077632,10.720853,161.069843,597,425,402,0.673367,0.604167,1.000000,9.000000
121,2581431510480,1,orb_cpu,stereo,63.602654,61.532218,0.000000,0.000000,0.000000,0.000000,0.000000,0.000000,924,839,16.961663,1.646141,143.742676,570,517,509,0.892982,0.541667,0.000000,2.000000
121,2581431510480,1,xfeat_bpu,temporal,100.697137,59.620492,8.614416,3.559951,18.317719,15.474899,73.765002,40.585642,1024,1024,32.264310,19.858024,212.439963,633,417,417,0.658768,0.625000,2.000000,nan
121,2581431510480,1,orb_cpu,temporal,63.095066,63.602654,0.000000,0.000000,0.000000,0.000000,0.000000,0.000000,913,924,18.410801,2.371523,147.480044,626,547,547,0.873802,0.458333,1.000000,nan
130,2582331513856,1,xfeat_bpu,stereo,60.656291,59.996576,3.556493,3.574784,15.929736,15.450607,41.170062,40.971185,1024,1024,33.012358,27.275553,180.940778,617,389,363,0.588331,0.645833,1.000000,6.000000
130,2582331513856,1,orb_cpu,stereo,94.787327,61.523299,0.000000,0.000000,0.000000,0.000000,0.000000,0.000000,925,833,16.891912,2.104604,175.307142,533,476,474,0.889306,0.562500,0.000000,2.000000
131,2582421519397,1,xfeat_bpu,stereo,59.658615,59.635739,3.591743,3.598076,15.451399,15.424731,40.615473,40.612932,1024,1024,31.960222,10.603101,161.857677,581,417,380,0.654045,0.687500,1.000000,5.000000
131,2582421519397,1,orb_cpu,stereo,65.259793,61.571341,0.000000,0.000000,0.000000,0.000000,0.000000,0.000000,925,843,17.105455,1.927894,145.864483,521,475,472,0.905950,0.625000,0.000000,2.000000
131,2582421519397,1,xfeat_bpu,temporal,60.656291,59.658615,3.556493,3.591743,15.929736,15.451399,41.170062,40.615473,1024,1024,31.050172,24.643694,176.008772,589,376,376,0.638370,0.645833,2.000000,nan
131,2582421519397,1,orb_cpu,temporal,94.787327,65.259793,0.000000,0.000000,0.000000,0.000000,0.000000,0.000000,925,925,18.735846,3.580201,182.363167,561,464,464,0.827094,0.541667,0.000000,nan
140,2583321508481,1,xfeat_bpu,stereo,95.669290,68.616531,8.682333,4.383000,18.328884,15.855193,68.658073,48.378338,1024,1024,32.356851,14.007634,210.650306,568,415,377,0.663732,0.750000,1.000000,4.000000
140,2583321508481,1,orb_cpu,stereo,63.891486,61.248961,0.000000,0.000000,0.000000,0.000000,0.000000,0.000000,888,836,16.216780,1.557806,142.915033,517,471,468,0.905222,0.562500,0.000000,2.000000
141,2583411508940,1,xfeat_bpu,stereo,59.609611,59.864239,3.589659,3.607201,15.477731,15.444273,40.542221,40.812765,1024,1024,33.034232,27.967183,180.475265,583,385,358,0.614065,0.750000,1.000000,3.000000
141,2583411508940,1,orb_cpu,stereo,64.253782,61.194251,0.000000,0.000000,0.000000,0.000000,0.000000,0.000000,914,824,16.488741,2.507191,144.443965,510,468,460,0.901961,0.562500,0.000000,2.000000
141,2583411508940,1,xfeat_bpu,temporal,95.669290,59.609611,8.682333,3.589659,18.328884,15.477731,68.658073,40.542221,1024,1024,31.002670,19.879398,206.160969,608,401,401,0.659539,0.666667,2.000000,nan
141,2583411508940,1,orb_cpu,temporal,63.891486,64.253782,0.000000,0.000000,0.000000,0.000000,0.000000,0.000000,888,914,17.762378,3.169947,149.077593,598,501,501,0.837793,0.416667,1.440002,nan
150,2584401515940,1,xfeat_bpu,stereo,60.924247,60.772204,3.589534,3.615034,15.911485,15.837443,41.423228,41.319727,1024,1024,31.958929,23.410057,177.065437,588,381,355,0.603741,0.604167,1.000000,3.000000
150,2584401515940,1,orb_cpu,stereo,93.723102,60.357908,0.000000,0.000000,0.000000,0.000000,0.000000,0.000000,881,796,15.552523,1.933143,171.566676,491,441,437,0.890020,0.479167,0.000000,2.000000
151,2584491539523,1,xfeat_bpu,stereo,58.959728,59.644441,3.587117,3.599034,15.452939,15.427772,39.919672,40.617635,1024,1024,38.269989,27.488553,184.362711,585,365,333,0.569231,0.645833,1.000000,2.000000
151,2584491539523,1,orb_cpu,stereo,63.574898,61.452794,0.000000,0.000000,0.000000,0.000000,0.000000,0.000000,901,835,18.678760,2.077770,145.784222,522,480,478,0.915709,0.520833,0.000000,2.000000
151,2584491539523,1,xfeat_bpu,temporal,60.924247,58.959728,3.589534,3.587117,15.911485,15.452939,41.423228,39.919672,1024,1024,35.817341,11.857696,167.559012,614,435,435,0.708469,0.666667,1.000000,nan
151,2584491539523,1,orb_cpu,temporal,93.723102,63.574898,0.000000,0.000000,0.000000,0.000000,0.000000,0.000000,881,901,17.297872,2.246729,176.842601,562,494,494,0.879004,0.458333,0.000000,nan
160,2585391530899,1,xfeat_bpu,stereo,92.201542,72.243811,8.703333,4.438292,18.310007,18.265423,65.188202,49.540096,1024,1024,31.900261,16.042527,212.388141,602,408,382,0.634551,0.687500,1.000000,5.000000
160,2585391530899,1,orb_cpu,stereo,64.345445,61.902213,0.000000,0.000000,0.000000,0.000000,0.000000,0.000000,904,832,16.481365,1.864352,144.593375,489,433,427,0.873211,0.541667,0.000000,2.000000
161,2585481522149,1,xfeat_bpu,stereo,59.181312,59.814985,3.564909,3.604868,15.470814,15.430230,40.145589,40.779887,1024,1024,33.750735,19.602186,172.349218,595,402,379,0.636975,0.666667,1.000000,5.000000
161,2585481522149,1,orb_cpu,stereo,64.636155,62.716468,0.000000,0.000000,0.000000,0.000000,0.000000,0.000000,918,871,17.439290,2.159229,146.951142,508,449,447,0.879921,0.604167,0.000000,2.000000
161,2585481522149,1,xfeat_bpu,temporal,92.201542,59.181312,8.703333,3.564909,18.310007,15.470814,65.188202,40.145589,1024,1024,34.618453,34.936038,220.937345,611,372,372,0.608838,0.666667,2.000000,nan
161,2585481522149,1,orb_cpu,temporal,64.345445,64.636155,0.000000,0.000000,0.000000,0.000000,0.000000,0.000000,904,918,18.100588,2.399231,149.481419,559,489,489,0.874776,0.500000,1.000000,nan
170,2586381516566,1,xfeat_bpu,stereo,60.004317,59.744565,3.567909,3.597992,15.901192,15.487522,40.535216,40.659051,1024,1024,34.363783,20.718905,174.831570,585,380,358,0.611966,0.687500,1.000000,4.000000
170,2586381516566,1,orb_cpu,stereo,92.043371,61.818502,0.000000,0.000000,0.000000,0.000000,0.000000,0.000000,878,807,15.526814,2.113395,171.502082,494,435,432,0.874494,0.458333,0.000000,2.000000
171,2586561521983,1,xfeat_bpu,stereo,59.030973,59.571061,3.554992,3.567408,15.504521,15.455104,39.971460,40.548549,1024,1024,39.000159,36.970140,194.572333,584,370,342,0.585616,0.625000,1.000000,5.000000
171,2586561521983,1,orb_cpu,stereo,62.775136,60.665240,0.000000,0.000000,0.000000,0.000000,0.000000,0.000000,850,788,16.702158,1.868059,142.010593,457,402,396,0.866521,0.479167,0.000000,1.728008
171,2586561521983,1,xfeat_bpu,temporal,60.004317,59.030973,3.567909,3.554992,15.901192,15.504521,40.535216,39.971460,1024,1024,34.832036,83.946999,237.814325,517,275,275,0.531915,0.562500,2.000000,nan
171,2586561521983,1,orb_cpu,temporal,92.043371,62.775136,0.000000,0.000000,0.000000,0.000000,0.000000,0.000000,878,850,20.828738,3.396616,179.043861,512,426,426,0.832031,0.416667,1.199989,nan
180,2587461523650,1,xfeat_bpu,stereo,87.486658,66.479126,4.441875,4.431792,18.863345,15.850816,64.181438,46.196518,1024,1024,31.993718,23.149218,209.108720,576,396,371,0.644097,0.666667,1.000000,7.000000
180,2587461523650,1,orb_cpu,stereo,64.969738,60.881199,0.000000,0.000000,0.000000,0.000000,0.000000,0.000000,876,803,15.379353,2.720484,143.950774,474,407,402,0.848101,0.520833,0.000000,2.000000
181,2587551526650,1,xfeat_bpu,stereo,59.757897,59.706688,3.569576,3.560909,15.518146,15.466271,40.670175,40.679508,1024,1024,31.918716,19.777102,171.160403,572,410,388,0.678322,0.708333,1.000000,7.000000
181,2587551526650,1,orb_cpu,stereo,63.580513,60.687194,0.000000,0.000000,0.000000,0.000000,0.000000,0.000000,888,778,15.182268,2.878235,142.328210,468,398,397,0.848291,0.395833,0.000000,2.000000
181,2587551526650,1,xfeat_bpu,temporal,87.486658,59.757897,4.441875,3.569576,18.863345,15.518146,64.181438,40.670175,1024,1024,31.018708,21.261283,199.524546,583,378,378,0.648370,0.666667,3.000000,nan
181,2587551526650,1,orb_cpu,temporal,64.969738,63.580513,0.000000,0.000000,0.000000,0.000000,0.000000,0.000000,876,888,17.075661,2.130645,147.756557,542,482,482,0.889299,0.479167,0.000000,nan
190,2588451552984,1,xfeat_bpu,stereo,60.754904,59.651060,3.582451,3.605658,15.901774,15.405228,41.270679,40.640174,1024,1024,37.461727,15.351352,173.219043,597,406,379,0.634841,0.770833,1.000000,6.000000
190,2588451552984,1,orb_cpu,stereo,86.250518,59.639852,0.000000,0.000000,0.000000,0.000000,0.000000,0.000000,820,757,13.624544,2.782193,162.297107,457,384,383,0.838074,0.541667,0.000000,2.073608
191,2588541527025,1,xfeat_bpu,stereo,58.990843,59.761767,3.558325,3.572784,15.489811,15.425519,39.942707,40.763464,1024,1024,35.089287,11.877236,165.719133,574,404,389,0.677700,0.770833,1.000000,6.000000
191,2588541527025,1,orb_cpu,stereo,61.585578,60.688611,0.000000,0.000000,0.000000,0.000000,0.000000,0.000000,849,808,15.071433,3.229739,140.575361,502,422,417,0.830677,0.458333,0.000000,2.073593
191,2588541527025,1,xfeat_bpu,temporal,60.754904,58.990843,3.582451,3.558325,15.901774,15.489811,41.270679,39.942707,1024,1024,31.004957,14.123799,164.874503,587,405,405,0.689949,0.708333,2.000000,nan
191,2588541527025,1,orb_cpu,temporal,86.250518,61.585578,0.000000,0.000000,0.000000,0.000000,0.000000,0.000000,820,849,15.249268,2.233479,165.318843,520,460,460,0.884615,0.479167,1.439987,nan
200,2589531530568,1,xfeat_bpu,stereo,91.243645,68.469891,8.666498,4.476167,18.310213,15.855649,64.266934,48.138075,1024,1024,32.216468,10.939144,202.869148,578,413,389,0.673010,0.750000,1.000000,8.000000
200,2589531530568,1,orb_cpu,stereo,63.151965,61.290198,0.000000,0.000000,0.000000,0.000000,0.000000,0.000000,865,825,15.590104,2.842901,142.875168,489,427,424,0.867076,0.562500,0.000000,2.488327
201,2589621546568,1,xfeat_bpu,stereo,60.082687,59.432138,3.555867,3.568159,15.517228,15.412185,41.009592,40.451794,1024,1024,33.098475,9.943010,162.556310,572,411,390,0.681818,0.708333,1.000000,4.000000
201,2589621546568,1,orb_cpu,stereo,61.059778,58.598838,0.000000,0.000000,0.000000,0.000000,0.000000,0.000000,790,714,12.442282,3.072487,135.173385,431,356,355,0.823666,0.479167,0.000000,2.400002
201,2589621546568,1,xfeat_bpu,temporal,91.243645,60.082687,8.666498,3.555867,18.310213,15.517228,64.266934,41.009592,1024,1024,30.986039,33.233602,215.545973,569,347,347,0.609842,0.666667,2.000000,nan
201,2589621546568,1,orb_cpu,temporal,63.151965,61.059778,0.000000,0.000000,0.000000,0.000000,0.000000,0.000000,865,790,16.710072,2.987778,143.909593,425,373,373,0.877647,0.458333,0.345596,nan
210,2590521622443,1,xfeat_bpu,stereo,60.217436,59.523555,3.543491,3.601034,15.456394,15.402977,41.217551,40.519544,1024,1024,30.976455,41.002424,191.719870,595,352,317,0.532773,0.604167,1.000000,8.000000
210,2590521622443,1,orb_cpu,stereo,85.138794,58.932716,0.000000,0.000000,0.000000,0.000000,0.000000,0.000000,815,724,13.001829,2.500815,159.574154,425,362,359,0.844706,0.520833,0.000000,2.400009
211,2590611631985,1,xfeat_bpu,stereo,58.965047,59.409301,3.540491,3.564699,15.548852,15.420602,39.875704,40.424000,1024,1024,32.245424,27.986343,178.606115,607,381,353,0.581549,0.666667,1.000000,6.000000
211,2590611631985,1,orb_cpu,stereo,60.618397,57.681202,0.000000,0.000000,0.000000,0.000000,0.000000,0.000000,774,674,11.553065,3.323115,133.175779,399,334,328,0.822055,0.583333,0.000000,2.488319
211,2590611631985,1,xfeat_bpu,temporal,60.217436,58.965047,3.543491,3.540491,15.456394,15.548852,41.217551,39.875704,1024,1024,31.014954,18.481463,168.678900,599,396,396,0.661102,0.625000,3.000000,nan
211,2590611631985,1,orb_cpu,temporal,85.138794,60.618397,0.000000,0.000000,0.000000,0.000000,0.000000,0.000000,815,774,14.511968,5.794304,166.063463,488,376,376,0.770492,0.541667,2.000000,nan
220,2591511565568,1,xfeat_bpu,stereo,100.336098,72.243920,11.456023,4.395207,23.025714,18.144252,65.854361,49.704461,1024,1024,32.106506,58.876005,263.562529,589,332,304,0.516129,0.625000,1.000000,6.000000
220,2591511565568,1,orb_cpu,stereo,57.564451,55.367555,0.000000,0.000000,0.000000,0.000000,0.000000,0.000000,654,564,8.292826,4.112538,125.337370,318,251,249,0.783019,0.458333,0.000000,2.036804
221,2591691540444,1,xfeat_bpu,stereo,59.916929,59.957096,3.531616,3.529074,15.565603,15.481393,40.819710,40.946629,1024,1024,31.060954,60.547102,211.482081,583,327,293,0.502573,0.625000,1.000000,9.000000
221,2591691540444,1,orb_cpu,stereo,56.968277,55.970101,0.000000,0.000000,0.000000,0.000000,0.000000,0.000000,636,582,8.350536,3.606950,124.895864,332,269,268,0.807229,0.458333,0.000000,2.073601
221,2591691540444,1,xfeat_bpu,temporal,100.336098,59.916929,11.456023,3.531616,23.025714,15.565603,65.854361,40.819710,1024,1024,30.915994,50.171422,241.340443,520,297,297,0.571154,0.645833,3.000000,nan
221,2591691540444,1,orb_cpu,temporal,57.564451,56.968277,0.000000,0.000000,0.000000,0.000000,0.000000,0.000000,654,636,10.203511,7.500486,132.236725,341,248,248,0.727273,0.416667,2.000000,nan
230,2592591563736,1,xfeat_bpu,stereo,59.929179,62.062407,3.557116,3.547366,15.535018,16.574403,40.837045,41.940638,1024,1024,31.070162,15.921813,168.983561,606,411,387,0.638614,0.708333,1.000000,11.000000
230,2592591563736,1,orb_cpu,stereo,67.829919,55.855142,0.000000,0.000000,0.000000,0.000000,0.000000,0.000000,716,605,13.655668,2.207687,139.548416,370,317,311,0.840541,0.500000,0.000000,2.073593
231,2592681564361,1,xfeat_bpu,stereo,59.514799,58.907959,3.552700,3.556658,15.495309,15.478267,40.466790,39.873034,1024,1024,31.027203,20.659732,170.109693,583,379,349,0.598628,0.625000,1.000000,7.000000
231,2592681564361,1,orb_cpu,stereo,58.022328,55.480969,0.000000,0.000000,0.000000,0.000000,0.000000,0.000000,726,581,9.419837,2.184562,125.107696,356,315,313,0.879213,0.395833,0.000000,2.073601
231,2592681564361,1,xfeat_bpu,temporal,59.929179,59.514799,3.557116,3.552700,15.535018,15.495309,40.837045,40.466790,1024,1024,32.331965,20.013768,171.789711,613,420,420,0.685155,0.687500,1.000000,nan
231,2592681564361,1,orb_cpu,temporal,67.829919,58.022328,0.000000,0.000000,0.000000,0.000000,0.000000,0.000000,716,726,11.504981,3.201946,140.559174,456,375,375,0.822368,0.416667,0.575989,nan
240,2593581543194,1,xfeat_bpu,stereo,94.158867,68.691092,8.681330,4.441333,18.332044,15.954272,67.145493,48.295487,1024,1024,31.888211,17.413576,212.151746,576,385,360,0.625000,0.750000,1.000000,4.000000
240,2593581543194,1,orb_cpu,stereo,64.145800,63.042789,0.000000,0.000000,0.000000,0.000000,0.000000,0.000000,967,940,19.830349,2.351022,149.369960,593,529,520,0.876897,0.583333,0.000000,2.000000
241,2593671559611,1,xfeat_bpu,stereo,59.455254,60.071843,3.530907,3.601075,15.533393,15.440975,40.390954,41.029793,1024,1024,41.450797,39.811157,200.789051,560,332,306,0.546429,0.687500,1.000000,3.000000
241,2593671559611,1,orb_cpu,stereo,64.508425,63.532666,0.000000,0.000000,0.000000,0.000000,0.000000,0.000000,999,970,23.158463,2.746150,153.945704,607,525,508,0.836903,0.520833,0.000000,2.000000
241,2593671559611,1,xfeat_bpu,temporal,94.158867,59.455254,8.681330,3.530907,18.332044,15.533393,67.145493,40.390954,1024,1024,31.033368,37.859347,222.506836,583,351,351,0.602058,0.750000,2.000000,nan
241,2593671559611,1,orb_cpu,temporal,64.145800,64.508425,0.000000,0.000000,0.000000,0.000000,0.000000,0.000000,967,999,21.048984,2.774651,152.477860,666,579,579,0.869369,0.583333,1.200012,nan
250,2594661566570,1,xfeat_bpu,stereo,59.136835,59.875258,3.586492,3.593075,15.501392,15.462559,40.048951,40.819624,1024,1024,35.461784,24.276847,178.750724,588,376,343,0.583333,0.687500,1.000000,2.000000
250,2594661566570,1,orb_cpu,stereo,83.622309,65.241515,0.000000,0.000000,0.000000,0.000000,0.000000,0.000000,1003,1006,21.923576,2.612982,173.400382,630,548,543,0.861905,0.541667,0.000000,1.727997
251,2594751555028,1,xfeat_bpu,stereo,60.472344,59.874339,3.555949,3.569200,15.989104,15.379057,40.927291,40.926082,1024,1024,30.899950,16.239398,167.486031,582,390,349,0.599656,0.750000,1.000000,3.000000
251,2594751555028,1,orb_cpu,stereo,65.961686,65.176970,0.000000,0.000000,0.000000,0.000000,0.000000,0.000000,1006,1006,21.982992,1.564514,154.686162,641,591,585,0.912637,0.625000,0.000000,1.727997
251,2594751555028,1,xfeat_bpu,temporal,59.136835,60.472344,3.586492,3.555949,15.501392,15.989104,40.048951,40.927291,1024,1024,32.362629,35.400032,187.371840,621,380,380,0.611916,0.750000,1.000000,nan
251,2594751555028,1,orb_cpu,temporal,83.622309,65.961686,0.000000,0.000000,0.000000,0.000000,0.000000,0.000000,1003,1006,21.974951,3.545115,175.104061,689,593,593,0.860668,0.645833,1.000000,nan
260,2595651569362,1,xfeat_bpu,stereo,95.780876,72.516580,8.674496,4.381498,18.304376,18.252917,68.802004,49.882165,1024,1024,38.736603,15.688060,222.722119,590,401,378,0.640678,0.833333,1.000000,2.000000
260,2595651569362,1,orb_cpu,stereo,66.774027,65.889559,0.000000,0.000000,0.000000,0.000000,0.000000,0.000000,997,1011,21.905199,1.613140,156.181925,659,614,608,0.922610,0.604167,0.000000,2.073547
261,2595741559945,1,xfeat_bpu,stereo,59.839795,59.604668,3.526490,3.566866,15.459183,15.424224,40.854122,40.613578,1024,1024,30.948949,24.487723,174.881135,596,419,386,0.647651,0.812500,1.000000,3.000000
261,2595741559945,1,orb_cpu,stereo,67.205320,66.678607,0.000000,0.000000,0.000000,0.000000,0.000000,0.000000,1008,1003,24.244095,1.720683,159.848705,652,588,587,0.900307,0.604167,0.000000,2.073586
261,2595741559945,1,xfeat_bpu,temporal,95.780876,59.839795,8.674496,3.526490,18.304376,15.459183,68.802004,40.854122,1024,1024,30.996116,23.140210,209.756997,577,371,371,0.642981,0.791667,1.000000,nan
261,2595741559945,1,orb_cpu,temporal,66.774027,67.205320,0.000000,0.000000,0.000000,0.000000,0.000000,0.000000,997,1008,21.893574,2.691358,158.564279,633,558,558,0.881517,0.604167,1.000000,nan
270,2596641604738,1,xfeat_bpu,stereo,60.584843,61.110722,3.552407,3.567449,15.927978,15.839103,41.104458,41.704170,1024,1024,34.782691,12.137943,168.616199,588,415,386,0.656463,0.812500,1.000000,3.000000
270,2596641604738,1,orb_cpu,stereo,96.498088,66.876026,0.000000,0.000000,0.000000,0.000000,0.000000,0.000000,1010,1003,22.027200,1.613681,187.014995,673,622,620,0.921248,0.562500,0.000000,2.399994
271,2596731559446,1,xfeat_bpu,stereo,60.445548,60.333589,3.555032,3.565991,15.890103,15.439265,41.000413,41.328333,1024,1024,31.046240,18.578085,170.403462,571,375,348,0.609457,0.750000,1.000000,3.000000
271,2596731559446,1,orb_cpu,stereo,68.564372,66.911691,0.000000,0.000000,0.000000,0.000000,0.000000,0.000000,1003,993,21.661947,1.802017,158.940027,669,630,624,0.932735,0.604167,0.000000,2.200001
271,2596731559446,1,xfeat_bpu,temporal,60.584843,60.445548,3.552407,3.555032,15.927978,15.890103,41.104458,41.000413,1024,1024,32.977632,26.079236,180.087259,590,372,372,0.630508,0.750000,2.000000,nan
271,2596731559446,1,orb_cpu,temporal,96.498088,68.564372,0.000000,0.000000,0.000000,0.000000,0.000000,0.000000,1010,1003,22.035117,3.280904,190.378481,668,568,568,0.850299,0.625000,1.200012,nan
280,2597721589446,1,xfeat_bpu,stereo,90.144568,72.770827,4.401749,4.444498,18.877379,18.215666,66.865440,50.110663,1024,1024,38.469972,21.090857,222.476224,577,373,343,0.594454,0.875000,1.000000,3.000000
280,2597721589446,1,orb_cpu,stereo,68.658039,67.562736,0.000000,0.000000,0.000000,0.000000,0.000000,0.000000,1024,1024,22.735706,2.272187,161.228668,669,593,588,0.878924,0.500000,0.000000,2.000000
281,2597811572530,1,xfeat_bpu,stereo,60.227419,60.269295,3.619157,3.590158,15.701809,15.436014,40.906453,41.243123,1024,1024,31.034614,10.910640,162.441968,548,390,362,0.660584,0.875000,1.000000,3.000000
281,2597811572530,1,orb_cpu,stereo,68.645204,67.884364,0.000000,0.000000,0.000000,0.000000,0.000000,0.000000,1024,1024,27.838835,1.864683,166.233086,627,569,562,0.896332,0.458333,0.000000,2.000000
281,2597811572530,1,xfeat_bpu,temporal,90.144568,60.227419,4.401749,3.619157,18.877379,15.701809,66.865440,40.906453,1024,1024,31.058989,56.254550,237.685526,532,299,299,0.562030,0.750000,4.000000,nan
281,2597811572530,1,orb_cpu,temporal,68.658039,68.645204,0.000000,0.000000,0.000000,0.000000,0.000000,0.000000,1024,1024,24.403887,3.279530,164.986660,714,607,607,0.850140,0.479167,3.455994,nan
290,2598711564989,1,xfeat_bpu,stereo,59.949250,59.851247,3.562991,3.564866,15.483765,15.454097,40.902494,40.832284,1024,1024,31.123280,32.761170,183.684947,576,352,325,0.564236,0.666667,1.000000,3.000000
290,2598711564989,1,orb_cpu,stereo,80.267267,67.274192,0.000000,0.000000,0.000000,0.000000,0.000000,0.000000,1024,1024,22.864914,3.213446,173.619819,676,583,576,0.852071,0.437500,0.000000,2.073593
291,2598801568989,1,xfeat_bpu,stereo,60.261626,60.120333,3.587407,3.604907,15.848351,15.392305,40.825868,41.123121,1024,1024,31.062654,29.177971,180.622584,551,340,309,0.560799,0.645833,1.000000,3.000000
291,2598801568989,1,orb_cpu,stereo,68.629660,67.319398,0.000000,0.000000,0.000000,0.000000,0.000000,0.000000,1024,1024,22.736955,1.518805,160.204818,691,631,627,0.907381,0.458333,0.000000,2.000000
291,2598801568989,1,xfeat_bpu,temporal,59.949250,60.261626,3.562991,3.587407,15.483765,15.848351,40.902494,40.825868,1024,1024,32.931380,32.200457,185.342713,570,350,350,0.614035,0.791667,2.000000,nan
291,2598801568989,1,orb_cpu,temporal,80.267267,68.629660,0.000000,0.000000,0.000000,0.000000,0.000000,0.000000,1024,1024,22.858580,3.233404,174.988911,730,624,624,0.854795,0.375000,1.000000,nan
300,2599701567739,1,xfeat_bpu,stereo,92.821586,68.865870,8.679120,4.438040,18.294373,15.857434,65.848093,48.570396,1024,1024,31.899995,9.117081,202.704532,567,417,387,0.682540,0.833333,1.000000,4.000000
300,2599701567739,1,orb_cpu,stereo,67.959943,67.137810,0.000000,0.000000,0.000000,0.000000,0.000000,0.000000,1024,1024,22.704537,1.853642,159.655932,698,633,629,0.901146,0.416667,0.000000,2.000000
301,2599881589447,1,xfeat_bpu,stereo,59.554201,59.809494,3.560615,3.570657,15.492847,15.433680,40.500739,40.805157,1024,1024,30.878277,12.041691,162.283663,552,388,370,0.670290,0.708333,1.000000,4.000000
301,2599881589447,1,orb_cpu,stereo,67.240853,66.771766,0.000000,0.000000,0.000000,0.000000,0.000000,0.000000,1024,1024,22.725745,2.524356,159.262720,687,605,590,0.858806,0.395833,0.000000,2.000000
301,2599881589447,1,xfeat_bpu,temporal,92.821586,59.554201,8.679120,3.560615,18.294373,15.492847,65.848093,40.500739,1024,1024,32.209623,45.980413,230.565823,540,314,314,0.581481,0.625000,2.000000,nan
301,2599881589447,1,orb_cpu,temporal,67.959943,67.240853,0.000000,0.000000,0.000000,0.000000,0.000000,0.000000,1024,1024,22.810872,1.756724,159.768392,725,658,658,0.907586,0.437500,0.000000,nan
310,2600781575823,1,xfeat_bpu,stereo,60.328914,59.957202,3.575823,3.600699,15.876851,15.392054,40.876240,40.964449,1024,1024,34.353682,15.049218,169.689016,562,383,364,0.647687,0.791667,1.000000,4.000000
310,2600781575823,1,orb_cpu,stereo,99.528726,66.431387,0.000000,0.000000,0.000000,0.000000,0.000000,0.000000,1024,1024,22.823204,1.845808,190.629125,701,634,632,0.901569,0.416667,0.000000,2.000000
311,2600871572490,1,xfeat_bpu,stereo,60.387915,59.951411,3.558490,3.565074,15.882101,15.423762,40.947324,40.962575,1024,1024,31.026694,38.797305,190.163325,532,315,293,0.550752,0.645833,1.000000,3.000000
311,2600871572490,1,orb_cpu,stereo,66.113466,65.269583,0.000000,0.000000,0.000000,0.000000,0.000000,0.000000,1024,1024,22.742037,2.764066,156.889152,724,636,636,0.878453,0.375000,0.000000,2.000000
311,2600871572490,1,xfeat_bpu,temporal,60.328914,60.387915,3.575823,3.558490,15.876851,15.882101,40.876240,40.947324,1024,1024,32.510623,47.482882,200.710334,573,332,332,0.579407,0.770833,2.000000,nan
311,2600871572490,1,orb_cpu,temporal,99.528726,66.113466,0.000000,0.000000,0.000000,0.000000,0.000000,0.000000,1024,1024,23.681961,4.410498,193.734651,727,599,599,0.823934,0.312500,1.199982,nan
320,2601771586323,1,xfeat_bpu,stereo,86.706566,73.679366,4.451956,4.401039,16.989819,18.635042,65.264791,50.643285,1024,1024,31.877075,21.873028,214.136035,561,361,326,0.581105,0.645833,1.000000,4.000000
320,2601771586323,1,orb_cpu,stereo,66.830136,66.114505,0.000000,0.000000,0.000000,0.000000,0.000000,0.000000,1024,1024,22.819870,2.107519,157.872030,719,652,647,0.899861,0.395833,0.000000,2.073601
321,2601861564115,1,xfeat_bpu,stereo,59.609614,60.119369,3.553115,3.566074,15.479721,15.420428,40.576778,41.132867,1024,1024,31.095527,30.320228,181.144738,580,360,340,0.586207,0.833333,1.000000,5.000000
321,2601861564115,1,orb_cpu,stereo,66.361174,66.315799,0.000000,0.000000,0.000000,0.000000,0.000000,0.000000,1024,1024,28.074250,2.350729,163.101952,722,640,636,0.880886,0.354167,0.000000,2.073593
321,2601861564115,1,xfeat_bpu,temporal,86.706566,59.609614,4.451956,3.553115,16.989819,15.479721,65.264791,40.576778,1024,1024,31.044818,14.326878,191.687876,620,429,429,0.691935,0.812500,1.000000,nan
321,2601861564115,1,orb_cpu,temporal,66.830136,66.361174,0.000000,0.000000,0.000000,0.000000,0.000000,0.000000,1024,1024,22.819578,3.259029,159.269917,775,672,672,0.867097,0.333333,0.000000,nan
330,2602851578699,1,xfeat_bpu,stereo,61.087375,59.875198,3.556907,3.561657,15.542721,15.387636,41.987747,40.925905,1024,1024,32.564747,17.345529,170.872849,577,393,366,0.634315,0.729167,1.000000,5.000000
330,2602851578699,1,orb_cpu,stereo,102.646664,66.126295,0.000000,0.000000,0.000000,0.000000,0.000000,0.000000,1022,1016,22.552574,2.747233,194.072766,686,593,592,0.862974,0.354167,0.000000,2.073601
331,2602941576366,1,xfeat_bpu,stereo,60.000324,59.745488,3.550698,3.569365,15.531596,15.440054,40.918030,40.736069,1024,1024,30.967733,27.676746,178.390291,598,375,358,0.598662,0.791667,1.000000,4.000000
331,2602941576366,1,orb_cpu,stereo,66.663757,66.006585,0.000000,0.000000,0.000000,0.000000,0.000000,0.000000,1023,1019,22.623617,3.257320,158.551279,697,592,589,0.845050,0.354167,0.000000,2.073601
331,2602941576366,1,xfeat_bpu,temporal,61.087375,60.000324,3.556907,3.550698,15.542721,15.531596,41.987747,40.918030,1024,1024,32.380162,27.088573,180.556434,609,386,386,0.633826,0.729167,1.000000,nan
331,2602941576366,1,orb_cpu,temporal,102.646664,66.663757,0.000000,0.000000,0.000000,0.000000,0.000000,0.000000,1022,1023,22.717660,1.990601,194.018682,783,713,713,0.910600,0.354167,0.000000,nan
340,2603841603324,1,xfeat_bpu,stereo,95.236427,68.643481,8.663660,4.397622,19.876384,15.826098,66.696383,48.419761,1024,1024,31.756614,10.190799,205.827321,597,435,411,0.688442,0.687500,1.000000,3.000000
340,2603841603324,1,orb_cpu,stereo,67.247385,66.204459,0.000000,0.000000,0.000000,0.000000,0.000000,0.000000,1024,1018,22.674492,4.157161,160.283497,692,592,591,0.854046,0.333333,0.000000,2.073601
341,2603931574908,1,xfeat_bpu,stereo,59.536442,60.043946,3.549698,3.562114,15.483012,15.406470,40.503732,41.075362,1024,1024,31.129691,25.328474,176.038553,597,393,370,0.619765,0.604167,1.000000,4.000000
341,2603931574908,1,orb_cpu,stereo,66.997258,66.820173,0.000000,0.000000,0.000000,0.000000,0.000000,0.000000,1024,1024,22.815868,3.497115,160.130414,722,620,619,0.857341,0.312500,0.000000,2.073601
341,2603931574908,1,xfeat_bpu,temporal,95.236427,59.536442,8.663660,3.549698,19.876384,15.483012,66.696383,40.503732,1024,1024,32.310285,12.955656,200.038810,661,467,467,0.706505,0.791667,1.000000,nan
341,2603931574908,1,orb_cpu,temporal,67.247385,66.997258,0.000000,0.000000,0.000000,0.000000,0.000000,0.000000,1024,1024,22.814576,3.344905,160.404124,768,645,645,0.839844,0.333333,0.000000,nan
350,2604831605908,1,xfeat_bpu,stereo,59.034061,59.571899,3.557281,3.596490,15.438719,15.401386,40.038061,40.574023,1024,1024,32.287618,26.061062,176.954640,578,366,346,0.598616,0.687500,1.000000,4.000000
350,2604831605908,1,orb_cpu,stereo,91.244388,65.504201,0.000000,0.000000,0.000000,0.000000,0.000000,0.000000,1023,1021,22.686866,3.247070,182.682525,689,590,587,0.851959,0.229167,0.000000,2.000000
351,2605011594408,1,xfeat_bpu,stereo,60.317156,59.810442,3.615907,3.597615,15.866556,15.429927,40.834693,40.782900,1024,1024,30.898439,23.497332,174.523369,604,395,375,0.620861,0.791667,1.000000,3.000000
351,2605011594408,1,orb_cpu,stereo,67.068298,66.036623,0.000000,0.000000,0.000000,0.000000,0.000000,0.000000,1018,1024,22.532199,3.378196,159.015316,667,566,562,0.842579,0.333333,0.000000,2.000000
351,2605011594408,1,xfeat_bpu,temporal,59.034061,60.317156,3.557281,3.615907,15.438719,15.866556,40.038061,40.834693,1024,1024,32.379452,29.788012,181.518681,578,359,359,0.621107,0.687500,2.000000,nan
351,2605011594408,1,orb_cpu,temporal,91.244388,67.068298,0.000000,0.000000,0.000000,0.000000,0.000000,0.000000,1023,1018,22.594907,3.213695,184.121288,653,557,557,0.852986,0.250000,1.199982,nan
360,2605911594867,1,xfeat_bpu,stereo,95.620130,68.619434,5.168879,4.433455,23.236537,15.915765,67.214714,48.270214,1024,1024,39.488013,43.322004,247.049581,583,342,310,0.531732,0.645833,1.000000,3.000000
360,2605911594867,1,orb_cpu,stereo,70.199657,69.002313,0.000000,0.000000,0.000000,0.000000,0.000000,0.000000,1024,1024,25.918061,3.211236,168.331267,651,555,553,0.849462,0.458333,0.000000,2.399994
361,2606001629450,1,xfeat_bpu,stereo,60.060402,59.074184,3.562781,3.559031,15.574137,15.428677,40.923484,40.086476,1024,1024,40.258936,16.388477,175.781999,598,406,379,0.633779,0.770833,1.000000,3.000000
361,2606001629450,1,orb_cpu,stereo,70.053697,69.126856,0.000000,0.000000,0.000000,0.000000,0.000000,0.000000,1024,1024,22.851242,2.645856,164.677651,644,560,558,0.866460,0.354167,0.000000,2.399998
361,2606001629450,1,xfeat_bpu,temporal,95.620130,60.060402,5.168879,3.562781,23.236537,15.574137,67.214714,40.923484,1024,1024,30.915271,31.888946,218.484749,606,372,372,0.613861,0.791667,2.000000,nan
361,2606001629450,1,orb_cpu,temporal,70.199657,70.053697,0.000000,0.000000,0.000000,0.000000,0.000000,0.000000,1024,1024,22.850408,2.655815,165.759577,679,594,594,0.874816,0.437500,1.000000,nan
370,2606901590826,1,xfeat_bpu,stereo,60.348652,59.691771,3.626948,3.605365,15.925764,15.452760,40.795940,40.633646,1024,1024,32.372657,22.202443,174.615523,621,405,367,0.590982,0.687500,1.000000,2.000000
370,2606901590826,1,orb_cpu,stereo,82.875515,69.785984,0.000000,0.000000,0.000000,0.000000,0.000000,0.000000,1024,1024,22.772282,3.130153,178.563934,649,557,553,0.852080,0.291667,0.000000,2.399994
371,2606991578576,1,xfeat_bpu,stereo,59.662437,59.649438,3.569322,3.606657,15.462719,15.396926,40.630396,40.645855,1024,1024,31.548192,24.839300,175.699367,622,399,360,0.578778,0.708333,1.000000,2.000000
371,2606991578576,1,orb_cpu,stereo,70.631200,69.989319,0.000000,0.000000,0.000000,0.000000,0.000000,0.000000,1024,1024,22.734240,2.978526,166.333285,650,560,554,0.852308,0.333333,0.000000,2.399994
371,2606991578576,1,xfeat_bpu,temporal,60.348652,59.662437,3.626948,3.569322,15.925764,15.462719,40.795940,40.630396,1024,1024,31.862153,16.973315,168.846557,639,430,430,0.672926,0.687500,1.000000,nan
371,2606991578576,1,orb_cpu,temporal,82.875515,70.631200,0.000000,0.000000,0.000000,0.000000,0.000000,0.000000,1024,1024,22.786990,2.497147,178.790852,725,633,633,0.873103,0.312500,0.000000,nan
380,2607981583576,1,xfeat_bpu,stereo,78.753726,67.204126,3.609406,4.440039,18.273076,16.740395,56.871244,46.023692,1024,1024,32.021195,20.735097,198.714144,611,401,366,0.599018,0.666667,1.000000,2.000000
380,2607981583576,1,orb_cpu,stereo,73.205178,71.252120,0.000000,0.000000,0.000000,0.000000,0.000000,0.000000,1024,1024,22.715448,3.113152,170.285898,643,550,543,0.844479,0.416667,0.000000,2.488312
381,2608071593160,1,xfeat_bpu,stereo,59.043847,59.629394,3.586073,3.606198,15.480134,15.408092,39.977640,40.615104,1024,1024,31.041395,22.037025,171.751661,625,410,385,0.616000,0.687500,1.000000,2.000000
381,2608071593160,1,orb_cpu,stereo,71.977959,71.769458,0.000000,0.000000,0.000000,0.000000,0.000000,0.000000,1024,1024,22.747864,2.729607,169.224888,628,547,539,0.858280,0.416667,0.000000,2.488319
381,2608071593160,1,xfeat_bpu,temporal,78.753726,59.043847,3.609406,3.586073,18.273076,15.480134,56.871244,39.977640,1024,1024,31.964653,20.543970,190.306196,657,434,434,0.660578,0.666667,1.000000,nan
381,2608071593160,1,orb_cpu,temporal,73.205178,71.977959,0.000000,0.000000,0.000000,0.000000,0.000000,0.000000,1024,1024,22.792198,2.143768,170.119103,765,692,692,0.904575,0.416667,0.000000,nan
390,2608971591952,1,xfeat_bpu,stereo,59.001845,59.644558,3.557406,3.565948,15.475051,15.459134,39.969388,40.619476,1024,1024,31.928193,12.815195,163.389791,599,420,390,0.651085,0.687500,1.000000,3.000000
390,2608971591952,1,orb_cpu,stereo,85.864660,72.730838,0.000000,0.000000,0.000000,0.000000,0.000000,0.000000,1024,1024,22.772197,2.798399,184.166094,625,541,525,0.840000,0.437500,0.000000,2.880005
391,2609061609910,1,xfeat_bpu,stereo,59.851019,59.776060,3.597656,3.593240,15.573344,15.449509,40.680019,40.733311,1024,1024,31.071936,13.632785,164.331800,620,457,412,0.664516,0.708333,1.000000,3.000000
391,2609061609910,1,orb_cpu,stereo,73.673055,72.621921,0.000000,0.000000,0.000000,0.000000,0.000000,0.000000,1024,1024,22.703322,2.326104,171.324402,623,545,539,0.865169,0.437500,0.000000,2.880005
391,2609061609910,1,xfeat_bpu,temporal,59.001845,59.851019,3.557406,3.597656,15.475051,15.573344,39.969388,40.680019,1024,1024,33.728500,17.743237,170.324601,641,432,432,0.673947,0.687500,1.000000,nan
391,2609061609910,1,orb_cpu,temporal,85.864660,73.673055,0.000000,0.000000,0.000000,0.000000,0.000000,0.000000,1024,1024,22.846532,2.532731,184.916978,743,652,652,0.877524,0.479167,1.199997,nan
400,2609961605702,1,xfeat_bpu,stereo,91.414705,69.173555,8.673033,4.283371,18.302450,17.138731,64.439222,47.751453,1024,1024,38.514874,21.182516,220.285650,592,413,380,0.641892,0.770833,1.000000,3.000000
400,2609961605702,1,orb_cpu,stereo,73.601593,73.496093,0.000000,0.000000,0.000000,0.000000,0.000000,0.000000,1024,1024,25.596346,3.172027,175.866059,595,505,503,0.845378,0.458333,0.000000,3.000000
401,2610051594786,1,xfeat_bpu,stereo,59.850224,59.077093,3.651656,3.562656,15.485884,15.423883,40.712684,40.090554,1024,1024,31.025018,20.050465,170.002800,585,398,375,0.641026,0.791667,1.000000,3.000000
401,2610051594786,1,orb_cpu,stereo,73.571260,73.230965,0.000000,0.000000,0.000000,0.000000,0.000000,0.000000,1024,1024,22.769072,3.773199,173.344496,580,480,474,0.817241,0.458333,0.000000,3.000000
401,2610051594786,1,xfeat_bpu,temporal,91.414705,59.850224,8.673033,3.651656,18.302450,15.485884,64.439222,40.712684,1024,1024,30.942684,62.935502,245.143115,599,338,338,0.564274,0.770833,2.000000,nan
401,2610051594786,1,orb_cpu,temporal,73.601593,73.571260,0.000000,0.000000,0.000000,0.000000,0.000000,0.000000,1024,1024,22.772071,3.300654,173.245578,718,614,614,0.855153,0.458333,1.727997,nan
410,2611041611078,1,xfeat_bpu,stereo,59.273759,59.756513,3.556405,3.566072,15.502509,15.405841,40.214845,40.784600,1024,1024,31.923191,18.129406,169.082869,550,363,343,0.623636,0.895833,1.000000,3.000000
410,2611041611078,1,orb_cpu,stereo,85.792737,73.751050,0.000000,0.000000,0.000000,0.000000,0.000000,0.000000,1024,1024,22.767862,3.913659,186.225308,594,489,469,0.789562,0.541667,0.000000,3.000000
411,2611131593328,1,xfeat_bpu,stereo,60.190601,59.105966,3.562489,3.558739,15.480133,15.405049,41.147979,40.142178,1024,1024,31.096225,29.952924,180.345716,581,361,335,0.576592,0.812500,1.000000,3.000000
411,2611131593328,1,orb_cpu,stereo,74.626266,73.802051,0.000000,0.000000,0.000000,0.000000,0.000000,0.000000,1024,1024,26.348768,4.127744,178.904829,616,510,490,0.795455,0.583333,0.000000,3.110397
411,2611131593328,1,xfeat_bpu,temporal,59.273759,60.190601,3.556405,3.562489,15.502509,15.480133,40.214845,41.147979,1024,1024,31.029183,22.242942,172.736485,610,398,398,0.652459,0.812500,1.000000,nan
411,2611131593328,1,orb_cpu,temporal,85.792737,74.626266,0.000000,0.000000,0.000000,0.000000,0.000000,0.000000,1024,1024,22.756071,3.071443,186.246517,751,648,648,0.862850,0.541667,0.000000,nan
420,2612031624287,1,xfeat_bpu,stereo,80.859151,68.739505,4.408496,4.404246,18.770078,16.191847,57.680577,48.143412,1024,1024,36.348811,39.307128,225.254595,601,367,347,0.577371,0.750000,1.000000,3.000000
420,2612031624287,1,orb_cpu,stereo,75.437563,74.317803,0.000000,0.000000,0.000000,0.000000,0.000000,0.000000,1024,1024,22.723111,4.794499,177.272976,581,464,457,0.786575,0.541667,0.000000,3.455994
421,2612121617578,1,xfeat_bpu,stereo,60.221682,59.167673,3.536447,3.564197,15.472049,15.432049,41.213186,40.171427,1024,1024,31.016641,36.846523,187.252519,593,356,322,0.543002,0.791667,1.000000,3.000000
421,2612121617578,1,orb_cpu,stereo,75.275145,74.148718,0.000000,0.000000,0.000000,0.000000,0.000000,0.000000,1024,1024,22.805195,4.950043,177.179101,599,478,473,0.789649,0.541667,0.000000,3.455994
421,2612121617578,1,xfeat_bpu,temporal,80.859151,60.221682,4.408496,3.536447,18.770078,15.472049,57.680577,41.213186,1024,1024,31.061766,18.634326,190.776925,643,439,439,0.682737,0.854167,1.000000,nan
421,2612121617578,1,orb_cpu,temporal,75.437563,75.275145,0.000000,0.000000,0.000000,0.000000,0.000000,0.000000,1024,1024,22.827862,2.980983,176.521553,745,646,646,0.867114,0.541667,1.199997,nan
430,2613021602579,1,xfeat_bpu,stereo,59.154421,59.734676,3.550406,3.563280,15.448965,15.443799,40.155050,40.727597,1024,1024,32.376776,42.243319,193.509192,588,349,327,0.556122,0.729167,1.000000,3.000000
430,2613021602579,1,orb_cpu,stereo,85.785732,74.048173,0.000000,0.000000,0.000000,0.000000,0.000000,0.000000,1024,1024,22.757861,4.849917,187.441683,539,429,427,0.792208,0.479167,0.000000,3.583191
431,2613201601995,1,xfeat_bpu,stereo,59.883594,59.824677,3.555614,3.569947,15.451590,15.435132,40.876390,40.819598,1024,1024,30.960555,37.871865,188.540691,559,337,315,0.563506,0.770833,1.000000,4.000000
431,2613201601995,1,orb_cpu,stereo,75.186808,74.179507,0.000000,0.000000,0.000000,0.000000,0.000000,0.000000,1024,1024,22.755985,4.977084,177.099384,553,438,431,0.779385,0.479167,0.000000,3.600006
431,2613201601995,1,xfeat_bpu,temporal,59.154421,59.883594,3.550406,3.555614,15.448965,15.451590,40.155050,40.876390,1024,1024,30.828013,48.185327,198.051355,561,334,334,0.595365,0.708333,2.000000,nan
431,2613201601995,1,orb_cpu,temporal,85.785732,75.186808,0.000000,0.000000,0.000000,0.000000,0.000000,0.000000,1024,1024,22.795194,4.071451,187.839185,694,580,580,0.835735,0.479167,1.199997,nan
440,2614101615246,1,xfeat_bpu,stereo,72.616742,67.214696,3.633198,4.437871,18.223280,15.854634,50.760264,46.922191,1024,1024,37.869696,34.371083,212.072217,603,367,335,0.555556,0.687500,1.000000,3.000000
440,2614101615246,1,orb_cpu,stereo,75.042845,74.071713,0.000000,0.000000,0.000000,0.000000,0.000000,0.000000,1024,1024,24.529334,11.951060,185.594952,550,404,397,0.721818,0.541667,0.000023,4.000000
441,2614191603579,1,xfeat_bpu,stereo,60.001676,59.772882,3.563238,3.567447,15.481757,15.400381,40.956681,40.805054,1024,1024,31.031639,24.972920,175.779117,614,393,371,0.604235,0.729167,1.000000,3.000000
441,2614191603579,1,orb_cpu,stereo,74.444757,73.987962,0.000000,0.000000,0.000000,0.000000,0.000000,0.000000,1024,1024,22.872611,8.675699,179.981029,571,426,421,0.737303,0.479167,0.000000,4.000000
441,2614191603579,1,xfeat_bpu,temporal,72.616742,60.001676,3.633198,3.563238,18.223280,15.481757,50.760264,40.956681,1024,1024,31.084556,26.206889,189.909863,630,401,401,0.636508,0.708333,1.000000,nan
441,2614191603579,1,orb_cpu,temporal,75.042845,74.444757,0.000000,0.000000,0.000000,0.000000,0.000000,0.000000,1024,1024,24.105413,3.591447,177.184462,767,654,654,0.852673,0.541667,1.200012,nan
450,2615091610705,1,xfeat_bpu,stereo,59.032333,60.978766,3.556030,3.561197,15.467173,15.817967,40.009130,41.599602,1024,1024,32.060521,38.797954,190.869574,583,348,329,0.564322,0.708333,1.000000,4.000000
450,2615091610705,1,orb_cpu,stereo,84.913010,72.579656,0.000000,0.000000,0.000000,0.000000,0.000000,0.000000,1024,1024,22.736859,13.609282,193.838807,553,385,377,0.681736,0.458333,0.497658,4.319992
451,2615181614371,1,xfeat_bpu,stereo,59.946507,60.031258,3.590364,3.613489,15.456589,15.592090,40.899554,40.825679,1024,1024,31.083930,47.323775,198.385470,576,341,322,0.559028,0.666667,1.000000,4.000000
451,2615181614371,1,orb_cpu,stereo,72.626947,72.441154,0.000000,0.000000,0.000000,0.000000,0.000000,0.000000,1024,1024,22.781859,7.964984,175.814944,541,405,399,0.737523,0.458333,0.000000,4.559998
451,2615181614371,1,xfeat_bpu,temporal,59.032333,59.946507,3.556030,3.590364,15.467173,15.456589,40.009130,40.899554,1024,1024,31.002512,57.489943,207.471295,599,339,339,0.565943,0.666667,2.000000,nan
451,2615181614371,1,orb_cpu,temporal,84.913010,72.626947,0.000000,0.000000,0.000000,0.000000,0.000000,0.000000,1024,1024,22.788650,4.674081,185.002688,745,609,609,0.817450,0.458333,1.440002,nan
460,2616171608872,1,xfeat_bpu,stereo,74.108041,68.378785,4.404954,4.397245,18.893492,15.943510,50.809595,48.038030,1024,1024,31.957644,21.977185,196.421655,582,377,359,0.616838,0.812500,1.000000,4.000000
460,2616171608872,1,orb_cpu,stereo,72.862656,70.802764,0.000000,0.000000,0.000000,0.000000,0.000000,0.000000,1024,1024,22.692983,17.252437,183.610840,498,339,330,0.662651,0.479167,0.440010,4.800018
461,2616261654247,1,xfeat_bpu,stereo,59.285750,59.753920,3.563905,3.631531,15.487297,15.425338,40.234548,40.697051,1024,1024,30.876219,26.000011,175.915900,577,365,352,0.610052,0.791667,1.000000,4.000000
461,2616261654247,1,orb_cpu,stereo,72.477152,70.914556,0.000000,0.000000,0.000000,0.000000,0.000000,0.000000,1024,1024,23.677199,14.823791,181.892698,487,331,321,0.659138,0.479167,0.600006,4.976639
461,2616261654247,1,xfeat_bpu,temporal,74.108041,59.285750,4.404954,3.563905,18.893492,15.487297,50.809595,40.234548,1024,1024,30.952094,81.714062,246.059947,581,323,323,0.555938,0.708333,3.000000,nan
461,2616261654247,1,orb_cpu,temporal,72.862656,72.477152,0.000000,0.000000,0.000000,0.000000,0.000000,0.000000,1024,1024,22.776024,4.188952,172.304784,702,576,576,0.820513,0.520833,2.985992,nan
470,2617161630789,1,xfeat_bpu,stereo,59.673500,59.719167,3.576113,3.598905,15.484463,15.429213,40.612924,40.691049,1024,1024,37.595191,86.832395,243.820253,583,320,306,0.524871,0.750000,1.000000,5.000000
470,2617161630789,1,orb_cpu,stereo,81.495475,70.180173,0.000000,0.000000,0.000000,0.000000,0.000000,0.000000,1024,1024,23.711657,35.664466,211.051771,489,293,280,0.572597,0.375000,0.799999,4.976624
471,2617251651414,1,xfeat_bpu,stereo,60.046962,60.235630,3.555863,3.562363,15.592964,15.393796,40.898135,41.279471,1024,1024,36.312888,59.757416,216.352896,581,326,312,0.537005,0.625000,1.000000,5.000000
471,2617251651414,1,orb_cpu,stereo,71.879145,69.715543,0.000000,0.000000,0.000000,0.000000,0.000000,0.000000,1024,1024,23.189277,18.493613,183.277578,475,311,308,0.648421,0.458333,0.519989,4.799988
471,2617251651414,1,xfeat_bpu,temporal,59.673500,60.046962,3.576113,3.555863,15.484463,15.592964,40.612924,40.898135,1024,1024,30.994676,52.569273,203.284411,607,349,349,0.574959,0.770833,2.000000,nan
471,2617251651414,1,orb_cpu,temporal,81.495475,71.879145,0.000000,0.000000,0.000000,0.000000,0.000000,0.000000,1024,1024,22.807274,5.869841,182.051735,714,559,559,0.782913,0.437500,1.727997,nan
480,2618151625790,1,xfeat_bpu,stereo,60.797300,58.821534,3.579447,3.566447,15.941216,15.420087,41.276637,39.835000,1024,1024,30.975842,18.275528,168.870204,636,424,412,0.647799,0.541667,1.000000,5.000000
480,2618151625790,1,orb_cpu,stereo,72.044478,69.907418,0.000000,0.000000,0.000000,0.000000,0.000000,0.000000,1024,1024,22.696648,12.722856,177.371400,504,349,345,0.684524,0.416667,0.000000,5.000000
481,2618331621415,1,xfeat_bpu,stereo,60.268462,59.739666,3.599947,3.597238,15.491671,15.423838,41.176844,40.718590,1024,1024,41.022760,27.747940,188.778828,612,385,371,0.606209,0.541667,1.000000,5.000000
481,2618331621415,1,orb_cpu,stereo,73.101402,69.717708,0.000000,0.000000,0.000000,0.000000,0.000000,0.000000,1024,1016,22.883858,27.101018,192.803986,496,308,298,0.600806,0.375000,0.316793,5.000000
481,2618331621415,1,xfeat_bpu,temporal,60.797300,60.268462,3.579447,3.599947,15.941216,15.491671,41.276637,41.176844,1024,1024,31.015425,17.207768,169.288955,617,415,415,0.672609,0.645833,1.000000,nan
481,2618331621415,1,orb_cpu,temporal,72.044478,73.101402,0.000000,0.000000,0.000000,0.000000,0.000000,0.000000,1024,1024,22.781898,3.090567,171.018345,713,608,608,0.852735,0.479167,0.600006,nan
490,2619231633707,1,xfeat_bpu,stereo,60.696463,59.668247,3.600071,3.600447,15.967133,15.471212,41.129259,40.596588,1024,1024,33.502071,24.251868,178.118649,612,391,373,0.609477,0.625000,1.000000,5.000000
490,2619231633707,1,orb_cpu,stereo,89.477661,74.355494,0.000000,0.000000,0.000000,0.000000,0.000000,0.000000,1024,1024,22.728023,7.241602,193.802780,485,362,359,0.740206,0.479167,0.000000,3.000000
491,2619321627082,1,xfeat_bpu,stereo,59.865124,59.795789,3.593488,3.594613,15.521713,15.450587,40.749923,40.750589,1024,1024,31.031550,31.587763,182.280226,604,373,359,0.594371,0.687500,1.000000,4.000000
491,2619321627082,1,orb_cpu,stereo,76.269927,74.723330,0.000000,0.000000,0.000000,0.000000,0.000000,0.000000,1024,1024,23.643196,9.718414,184.354867,510,368,365,0.715686,0.500000,0.000000,3.583176
491,2619321627082,1,xfeat_bpu,temporal,60.696463,59.865124,3.600071,3.593488,15.967133,15.521713,41.129259,40.749923,1024,1024,30.996257,24.086741,175.644585,582,370,370,0.635739,0.750000,2.000000,nan
491,2619321627082,1,orb_cpu,temporal,89.477661,76.269927,0.000000,0.000000,0.000000,0.000000,0.000000,0.000000,1024,1024,24.091283,3.643322,193.482193,642,545,545,0.848910,0.520833,2.073601,nan
500,2620221624874,0,xfeat_bpu,stereo,88.142606,72.729812,4.404411,4.401120,17.040767,18.257485,66.697428,50.071207,1024,1024,31.054299,61.351759,253.278476,584,352,338,0.578767,0.770833,1.000000,5.000000
500,2620221624874,0,orb_cpu,stereo,77.194348,75.615543,0.000000,0.000000,0.000000,0.000000,0.000000,0.000000,1024,1024,22.697813,13.920658,189.428362,445,306,305,0.685393,0.479167,0.000008,4.976654
501,2620311640082,0,xfeat_bpu,stereo,60.226916,59.644911,3.608405,3.606988,15.526462,15.477170,41.092049,40.560753,1024,1024,31.126049,41.898929,192.896805,581,354,349,0.600688,0.729167,1.000000,5.000000
501,2620311640082,0,orb_cpu,stereo,76.708094,75.158706,0.000000,0.000000,0.000000,0.000000,0.000000,0.000000,1024,1024,29.575120,25.463961,206.905881,437,272,269,0.615561,0.437500,0.414764,4.320007
501,2620311640082,0,xfeat_bpu,temporal,88.142606,60.226916,4.404411,3.608405,17.040767,15.526462,66.697428,41.092049,1024,1024,30.965464,83.286605,262.621591,583,313,313,0.536878,0.770833,2.000000,nan
501,2620311640082,0,orb_cpu,temporal,77.194348,76.708094,0.000000,0.000000,0.000000,0.000000,0.000000,0.000000,1024,1024,22.803938,4.194952,180.901332,652,533,533,0.817485,0.625000,0.263996,nan
510,2621211645708,0,xfeat_bpu,stereo,60.394165,59.863537,3.582613,3.608072,15.537170,15.463419,41.274382,40.792046,1024,1024,31.091215,22.047515,173.396432,537,344,338,0.629423,0.750000,1.000000,6.000000
510,2621211645708,0,orb_cpu,stereo,71.297547,70.678500,0.000000,0.000000,0.000000,0.000000,0.000000,0.000000,1024,1024,22.805146,11.158676,175.939869,507,355,343,0.676529,0.395833,0.000000,3.456009
511,2621391656083,0,xfeat_bpu,stereo,60.298248,60.160538,3.579572,3.605821,15.982798,15.475336,40.735878,41.079381,1024,1024,33.434693,21.331135,175.224614,535,345,338,0.631776,0.729167,1.000000,6.000000
511,2621391656083,0,orb_cpu,stereo,71.544216,70.078453,0.000000,0.000000,0.000000,0.000000,0.000000,0.000000,1024,1024,22.709312,21.216633,185.548614,530,380,372,0.701887,0.458333,0.000000,2.985992
511,2621391656083,0,xfeat_bpu,temporal,60.394165,60.298248,3.582613,3.579572,15.537170,15.982798,41.274382,40.735878,1024,1024,31.729053,49.706659,202.128125,549,316,316,0.575592,0.729167,2.000000,nan
511,2621391656083,0,orb_cpu,temporal,71.297547,71.544216,0.000000,0.000000,0.000000,0.000000,0.000000,0.000000,1024,1024,26.891804,5.683505,175.417072,641,507,507,0.790952,0.479167,1.000000,nan
520,2622291640458,0,xfeat_bpu,stereo,95.221450,73.238644,4.410995,4.375327,21.866471,18.273692,68.943984,50.589625,1024,1024,31.026797,36.333299,235.820190,571,343,331,0.579685,0.833333,1.000000,6.000000
520,2622291640458,0,orb_cpu,stereo,69.852950,69.182319,0.000000,0.000000,0.000000,0.000000,0.000000,0.000000,1024,1024,22.731312,7.168184,168.934765,540,408,401,0.742593,0.375000,0.000000,2.985962
521,2622381647208,0,xfeat_bpu,stereo,60.076036,59.277487,3.566488,3.580987,15.564003,15.491920,40.945545,40.204580,1024,1024,30.891587,38.591191,188.836301,571,354,340,0.595447,0.791667,1.000000,6.000000
521,2622381647208,0,orb_cpu,stereo,69.246194,68.736482,0.000000,0.000000,0.000000,0.000000,0.000000,0.000000,1024,1024,22.784645,12.319434,173.086755,538,419,415,0.771375,0.375000,0.000000,2.985992
521,2622381647208,0,xfeat_bpu,temporal,95.221450,60.076036,4.410995,3.566488,21.866471,15.564003,68.943984,40.945545,1024,1024,30.960378,50.365996,236.623860,568,327,327,0.575704,0.875000,2.000000,nan
521,2622381647208,0,orb_cpu,temporal,69.852950,69.246194,0.000000,0.000000,0.000000,0.000000,0.000000,0.000000,1024,1024,22.805895,6.319510,168.224549,636,489,489,0.768868,0.354167,1.440002,nan
530,2623281631334,0,xfeat_bpu,stereo,60.304202,59.967241,3.551904,3.566196,15.517127,15.498419,41.235171,40.902626,1024,1024,36.674050,15.103874,172.049367,593,408,396,0.667791,0.770833,1.000000,6.000000
530,2623281631334,0,orb_cpu,stereo,79.437817,67.721805,0.000000,0.000000,0.000000,0.000000,0.000000,0.000000,1008,1014,22.173515,14.581953,183.915090,489,332,306,0.625767,0.354167,0.480011,4.800018
531,2623371634875,0,xfeat_bpu,stereo,60.278703,59.906616,3.552571,3.560529,15.862380,15.439502,40.863752,40.906585,1024,1024,31.107838,26.661759,177.954916,617,386,373,0.604538,0.729167,1.000000,6.000000
531,2623371634875,0,orb_cpu,stereo,69.482402,68.037807,0.000000,0.000000,0.000000,0.000000,0.000000,0.000000,1011,1015,22.200556,35.358164,195.078929,484,290,275,0.568182,0.354167,0.720001,4.799988
531,2623371634875,0,xfeat_bpu,temporal,60.304202,60.278703,3.551904,3.552571,15.517127,15.862380,41.235171,40.863752,1024,1024,31.032587,30.610458,182.225950,594,369,369,0.621212,0.812500,4.000000,nan
531,2623371634875,0,orb_cpu,temporal,79.437817,69.482402,0.000000,0.000000,0.000000,0.000000,0.000000,0.000000,1008,1011,23.649068,5.208918,177.778205,610,479,479,0.785246,0.354167,2.879997,nan
540,2624361630126,1,xfeat_bpu,stereo,88.690515,72.711385,4.403703,4.440953,17.038055,18.291857,67.248757,49.978575,1024,1024,35.320121,16.053506,212.775527,620,420,413,0.666129,0.729167,1.000000,7.000000
540,2624361630126,1,orb_cpu,stereo,70.270824,69.366816,0.000000,0.000000,0.000000,0.000000,0.000000,0.000000,1010,1018,25.280081,8.894240,173.811961,488,354,346,0.709016,0.375000,0.000000,5.971954
541,2624451647501,1,xfeat_bpu,stereo,60.379576,59.876280,3.518612,3.536737,15.865421,15.478376,40.995543,40.861167,1024,1024,31.030627,14.084365,165.370848,619,427,415,0.670436,0.770833,1.000000,7.000000
541,2624451647501,1,orb_cpu,stereo,69.333816,68.143971,0.000000,0.000000,0.000000,0.000000,0.000000,0.000000,1014,1011,28.652691,5.762755,171.893233,507,393,386,0.761341,0.416667,0.000000,5.971954
541,2624451647501,1,xfeat_bpu,temporal,88.690515,60.379576,4.403703,3.518612,17.038055,15.865421,67.248757,40.995543,1024,1024,30.974169,36.010626,216.054886,603,366,366,0.606965,0.666667,3.000000,nan
541,2624451647501,1,orb_cpu,temporal,70.270824,69.333816,0.000000,0.000000,0.000000,0.000000,0.000000,0.000000,1010,1014,23.170355,6.398677,169.173672,632,498,498,0.787975,0.395833,2.400002,nan
550,2625351641793,1,xfeat_bpu,stereo,60.383407,59.521567,3.557612,3.564903,15.614919,15.486293,41.210876,40.470371,1024,1024,32.019635,21.243381,173.167990,616,400,390,0.633117,0.729167,1.000000,8.000000
550,2625351641793,1,orb_cpu,stereo,91.118990,70.573406,0.000000,0.000000,0.000000,0.000000,0.000000,0.000000,1001,1005,21.902428,6.410427,190.005251,519,397,395,0.761079,0.333333,0.000000,2.000000
551,2625441641585,1,xfeat_bpu,stereo,59.824695,59.088270,3.654572,3.599321,15.559959,15.451709,40.610164,40.037240,1024,1024,31.067460,13.280441,163.260866,627,437,431,0.687400,0.666667,1.000000,8.000000
551,2625441641585,1,orb_cpu,stereo,72.665883,70.496157,0.000000,0.000000,0.000000,0.000000,0.000000,0.000000,999,1006,21.802635,4.578495,169.543170,570,452,445,0.780702,0.333333,0.000000,1.728027
551,2625441641585,1,xfeat_bpu,temporal,60.383407,59.824695,3.557612,3.654572,15.614919,15.559959,41.210876,40.610164,1024,1024,31.980217,32.235595,184.423914,613,377,377,0.615008,0.687500,2.000000,nan
551,2625441641585,1,orb_cpu,temporal,91.118990,72.665883,0.000000,0.000000,0.000000,0.000000,0.000000,0.000000,1001,999,21.737759,8.598695,194.121327,626,461,461,0.736422,0.291667,1.200012,nan
560,2626341651877,1,xfeat_bpu,stereo,89.179471,71.872249,4.401035,4.406286,19.156989,18.280565,65.621447,49.185398,1024,1024,33.208186,23.566483,217.826389,639,411,396,0.619718,0.687500,1.000000,8.000000
560,2626341651877,1,orb_cpu,stereo,71.364410,70.075525,0.000000,0.000000,0.000000,0.000000,0.000000,0.000000,944,955,19.607117,4.647579,165.694631,553,441,437,0.790235,0.354167,0.000000,2.000000
561,2626521639835,1,xfeat_bpu,stereo,60.270863,59.902402,3.605321,3.605821,15.714168,15.491709,40.951374,40.804872,1024,1024,31.077459,28.748315,179.999039,635,404,398,0.626772,0.687500,1.000000,8.000000
561,2626521639835,1,orb_cpu,stereo,69.281768,67.899922,0.000000,0.000000,0.000000,0.000000,0.000000,0.000000,868,882,22.247304,6.274759,165.703753,438,332,329,0.751142,0.333333,0.000000,7.000000
561,2626521639835,1,xfeat_bpu,temporal,89.179471,60.270863,4.401035,3.605321,19.156989,15.714168,65.621447,40.951374,1024,1024,31.004625,28.083976,208.538935,572,358,358,0.625874,0.708333,3.000000,nan
561,2626521639835,1,orb_cpu,temporal,71.364410,69.281768,0.000000,0.000000,0.000000,0.000000,0.000000,0.000000,944,868,17.798727,14.370407,172.815312,324,214,214,0.660494,0.375000,4.000000,nan
570,2627421649586,1,xfeat_bpu,stereo,59.944691,60.133693,3.554528,3.569862,15.493583,15.752960,40.896580,40.810871,1024,1024,31.061750,10.243874,161.384008,634,459,459,0.723975,0.708333,1.000000,14.000000
570,2627421649586,1,orb_cpu,stereo,71.500743,58.731098,0.000000,0.000000,0.000000,0.000000,0.000000,0.000000,734,684,17.815935,1.307511,149.355287,368,337,336,0.913043,0.458333,0.000000,9.000000
571,2627511643836,1,xfeat_bpu,stereo,59.790774,59.980524,3.592738,3.616862,15.474708,15.650543,40.723328,40.713119,1024,1024,31.030374,9.382617,160.184289,639,468,467,0.730829,0.708333,1.000000,19.000000
571,2627511643836,1,orb_cpu,stereo,60.857115,58.773765,0.000000,0.000000,0.000000,0.000000,0.000000,0.000000,739,676,11.024922,1.400637,132.056439,365,331,328,0.898630,0.500000,0.000000,9.599976
571,2627511643836,1,xfeat_bpu,temporal,59.944691,59.790774,3.554528,3.592738,15.493583,15.474708,40.896580,40.723328,1024,1024,32.310676,18.031562,170.077703,602,400,400,0.664452,0.687500,5.000000,nan
571,2627511643836,1,orb_cpu,temporal,71.500743,60.857115,0.000000,0.000000,0.000000,0.000000,0.000000,0.000000,734,739,11.954179,3.429652,147.741689,410,338,338,0.824390,0.437500,3.599998,nan
580,2628411645336,1,xfeat_bpu,stereo,103.791208,66.530784,17.130304,4.421243,18.351814,15.870044,68.309090,46.239497,1024,1024,31.731505,15.718793,217.772290,657,448,445,0.677321,0.645833,1.000000,18.000000
580,2628411645336,1,orb_cpu,stereo,62.599753,59.641687,0.000000,0.000000,0.000000,0.000000,0.000000,0.000000,763,727,12.260224,1.666305,136.167969,385,346,346,0.898701,0.458333,0.000000,13.199997
581,2628501648336,1,xfeat_bpu,stereo,58.947682,59.951898,3.565112,3.602446,15.458582,15.425415,39.923988,40.924037,1024,1024,31.942797,7.183100,158.025477,639,482,480,0.751174,0.604167,1.000000,23.000000
581,2628501648336,1,orb_cpu,stereo,63.883553,60.854112,0.000000,0.000000,0.000000,0.000000,0.000000,0.000000,788,758,13.138730,1.450762,139.327157,399,363,361,0.904762,0.479167,0.000000,14.399994
581,2628501648336,1,xfeat_bpu,temporal,103.791208,58.947682,17.130304,3.565112,18.351814,15.458582,68.309090,39.923988,1024,1024,30.977998,43.204554,236.921442,616,366,366,0.594156,0.583333,6.000000,nan
581,2628501648336,1,orb_cpu,temporal,62.599753,63.883553,0.000000,0.000000,0.000000,0.000000,0.000000,0.000000,763,788,13.236273,4.048741,143.768320,408,328,328,0.803922,0.458333,2.879974,nan
590,2629401658545,1,xfeat_bpu,stereo,60.985196,59.669310,3.599988,3.594112,15.953252,15.464290,41.431956,40.610908,1024,1024,37.334715,11.497258,169.486479,611,437,436,0.713584,0.583333,1.000000,28.000000
590,2629401658545,1,orb_cpu,stereo,83.779170,60.963946,0.000000,0.000000,0.000000,0.000000,0.000000,0.000000,789,765,13.228772,1.044175,159.016063,358,334,334,0.932961,0.520833,0.000000,20.400024
591,2629581652920,1,xfeat_bpu,stereo,59.364099,59.528765,3.581779,3.597987,15.534332,15.475664,40.247988,40.455114,1024,1024,33.934937,18.190520,171.018321,636,421,419,0.658805,0.520833,1.000000,27.000000
591,2629581652920,1,orb_cpu,stereo,64.270430,62.067788,0.000000,0.000000,0.000000,0.000000,0.000000,0.000000,805,784,14.020487,1.737597,142.096302,411,363,360,0.875912,0.583333,0.000000,14.400009
591,2629581652920,1,xfeat_bpu,temporal,60.985196,59.364099,3.599988,3.581779,15.953252,15.534332,41.431956,40.247988,1024,1024,31.030122,68.974841,220.354258,545,298,298,0.546789,0.520833,10.000000,nan
591,2629581652920,1,orb_cpu,temporal,83.779170,64.270430,0.000000,0.000000,0.000000,0.000000,0.000000,0.000000,789,805,13.933278,7.791812,169.774690,299,215,215,0.719064,0.395833,6.220802,nan
600,2630481650920,1,xfeat_bpu,stereo,96.370892,67.720456,3.811280,3.674529,22.872182,15.874043,69.687430,48.171884,1024,1024,31.936255,17.871601,213.899204,620,438,435,0.701613,0.645833,1.000000,24.000000
600,2630481650920,1,orb_cpu,stereo,61.134404,57.667084,0.000000,0.000000,0.000000,0.000000,0.000000,0.000000,766,665,11.294632,1.263510,131.359630,356,329,327,0.918539,0.520833,0.000000,18.000000
601,2630571658754,1,xfeat_bpu,stereo,60.040811,60.048436,3.605070,3.647195,15.529374,15.502666,40.906367,40.898575,1024,1024,31.988295,11.909761,163.987303,609,431,431,0.707718,0.625000,1.000000,25.000000
601,2630571658754,1,orb_cpu,stereo,61.206486,58.217628,0.000000,0.000000,0.000000,0.000000,0.000000,0.000000,764,695,11.735009,1.234885,132.394008,359,327,327,0.910864,0.520833,0.000000,18.720001
601,2630571658754,1,xfeat_bpu,temporal,96.370892,60.040811,3.811280,3.605070,22.872182,15.529374,69.687430,40.906367,1024,1024,31.022538,60.996900,248.431141,588,341,341,0.579932,0.583333,6.000000,nan
601,2630571658754,1,orb_cpu,temporal,61.134404,61.206486,0.000000,0.000000,0.000000,0.000000,0.000000,0.000000,766,764,12.922353,4.897580,140.160823,403,314,314,0.779156,0.437500,2.880005,nan
610,2631471649421,1,xfeat_bpu,stereo,59.870391,59.844391,3.558861,3.607404,15.490581,15.493914,40.820949,40.743073,1024,1024,35.599241,28.145099,183.459122,593,370,370,0.623946,0.625000,1.000000,33.000000
610,2631471649421,1,orb_cpu,stereo,92.598359,57.370205,0.000000,0.000000,0.000000,0.000000,0.000000,0.000000,777,595,10.315415,3.456985,163.740964,324,273,271,0.836420,0.520833,0.000000,29.000000
611,2631561670921,1,xfeat_bpu,stereo,59.147509,59.902640,3.548195,3.566154,15.448163,15.391496,40.151151,40.944990,1024,1024,32.208921,10.031329,161.290399,571,410,410,0.718039,0.666667,1.000000,33.000000
611,2631561670921,1,orb_cpu,stereo,63.226001,59.122092,0.000000,0.000000,0.000000,0.000000,0.000000,0.000000,882,747,14.463240,4.021615,140.832948,383,311,310,0.809399,0.500000,0.000000,29.859848
611,2631561670921,1,xfeat_bpu,temporal,59.870391,59.147509,3.558861,3.548195,15.490581,15.448163,40.820949,40.151151,1024,1024,31.006953,29.824985,179.849838,575,356,356,0.619130,0.604167,5.000000,nan
611,2631561670921,1,orb_cpu,temporal,92.598359,63.226001,0.000000,0.000000,0.000000,0.000000,0.000000,0.000000,777,882,15.912834,5.686795,177.423989,475,369,369,0.776842,0.500000,2.985992,nan
620,2632551758046,1,xfeat_bpu,stereo,88.300781,72.037986,8.692111,4.449285,18.274227,18.271269,61.334443,49.317432,1024,1024,36.044993,27.372092,223.755852,571,358,355,0.621716,0.625000,1.000000,32.000000
620,2632551758046,1,orb_cpu,stereo,64.209091,59.664471,0.000000,0.000000,0.000000,0.000000,0.000000,0.000000,901,780,15.348955,3.420652,142.643169,424,347,347,0.818396,0.583333,0.000000,30.274551
621,2632641665630,1,xfeat_bpu,stereo,59.056215,59.652885,3.560486,3.600070,15.479414,15.416496,40.016315,40.636319,1024,1024,35.677530,11.587925,165.974555,545,385,384,0.704587,0.625000,1.000000,32.000000
621,2632641665630,1,orb_cpu,stereo,64.107546,59.763720,0.000000,0.000000,0.000000,0.000000,0.000000,0.000000,899,786,15.502663,3.208651,142.582580,427,357,356,0.833724,0.583333,0.000000,31.052002
621,2632641665630,1,xfeat_bpu,temporal,88.300781,59.056215,8.692111,3.560486,18.274227,15.479414,61.334443,40.016315,1024,1024,37.300669,2.478894,187.136559,745,671,671,0.900671,0.687500,0.000000,nan
621,2632641665630,1,orb_cpu,temporal,64.209091,64.107546,0.000000,0.000000,0.000000,0.000000,0.000000,0.000000,901,899,17.765515,0.769589,146.851741,776,766,766,0.987113,0.604167,0.000000,nan
630,2633541655214,1,xfeat_bpu,stereo,59.534968,61.510067,3.558445,3.572236,15.476038,15.826458,40.500485,42.111373,1024,1024,32.395172,27.507716,180.947923,560,349,348,0.621429,0.604167,1.000000,33.000000
630,2633541655214,1,orb_cpu,stereo,89.493121,60.289224,0.000000,0.000000,0.000000,0.000000,0.000000,0.000000,895,780,15.285912,4.571578,169.639835,416,344,341,0.819712,0.520833,0.000000,30.240005
631,2633631673172,1,xfeat_bpu,stereo,59.569217,59.979970,3.521903,3.546028,15.419412,15.519788,40.627902,40.914154,1024,1024,32.028251,19.626487,171.203925,575,390,388,0.674783,0.645833,1.000000,32.000000
631,2633631673172,1,orb_cpu,stereo,65.093719,59.908219,0.000000,0.000000,0.000000,0.000000,0.000000,0.000000,904,767,15.222203,4.656287,144.880428,413,346,343,0.830508,0.562500,0.000000,31.052002
631,2633631673172,1,xfeat_bpu,temporal,59.534968,59.569217,3.558445,3.521903,15.476038,15.419412,40.500485,40.627902,1024,1024,31.037244,2.521311,152.662740,763,670,670,0.878113,0.708333,0.000000,nan
631,2633631673172,1,orb_cpu,temporal,89.493121,65.093719,0.000000,0.000000,0.000000,0.000000,0.000000,0.000000,895,904,18.604937,0.669713,173.861490,767,762,762,0.993481,0.604167,0.000000,nan
640,2634531667381,1,xfeat_bpu,stereo,93.965611,72.243982,8.620985,4.380492,18.255309,18.186184,67.089317,49.677306,1024,1024,32.030210,21.046206,219.286009,571,369,369,0.646235,0.625000,1.000000,32.000000
640,2634531667381,1,orb_cpu,stereo,64.657631,59.707384,0.000000,0.000000,0.000000,0.000000,0.000000,0.000000,903,766,15.186744,2.677979,142.229738,419,355,354,0.844869,0.541667,0.000000,30.240005
641,2634621663297,1,xfeat_bpu,stereo,60.073886,59.688507,3.529820,3.535861,15.463537,15.414578,41.080529,40.738068,1024,1024,30.945367,24.708609,175.416369,558,351,346,0.620072,0.604167,1.000000,32.000000
641,2634621663297,1,orb_cpu,stereo,64.233001,59.911134,0.000000,0.000000,0.000000,0.000000,0.000000,0.000000,910,772,15.368495,2.918689,142.431319,403,340,339,0.841191,0.562500,0.000000,31.000000
641,2634621663297,1,xfeat_bpu,temporal,93.965611,60.073886,8.620985,3.529820,18.255309,15.463537,67.089317,41.080529,1024,1024,30.996451,3.230525,188.266473,738,638,638,0.864499,0.687500,0.000000,nan
641,2634621663297,1,orb_cpu,temporal,64.657631,64.233001,0.000000,0.000000,0.000000,0.000000,0.000000,0.000000,903,910,17.931598,0.548004,147.370234,768,761,761,0.990885,0.583333,0.000000,nan
