frame_id,stamp_ns,tracking_state,keypoints,valid_depths,valid_depth_ratio,depth_grid_coverage,tracked_inliers,feature_extract_ms,stereo_match_ms,frontend_ms,track_total_ms
0,2569011476808,2,607,169,0.278418,0.6875,169,63.097583,8.463536,71.561119,79.556573
1,2569101470849,2,604,170,0.281457,0.708333,134,59.622836,15.115698,74.738534,103.426224
2,2569191465849,2,604,156,0.258278,0.687500,131,61.305668,7.148621,68.454289,94.054563
3,2569371464141,2,606,158,0.260726,0.687500,126,59.656003,8.201745,67.857748,93.913188
4,2569461529016,2,602,168,0.279070,0.750000,126,56.975629,8.552703,65.528332,89.637525
5,2569551461141,2,604,157,0.259934,0.708333,139,59.583544,7.820370,67.403914,93.475189
6,2569641461516,2,604,175,0.289735,0.708333,130,58.334086,7.197579,65.531665,93.569022
7,2569731464350,2,604,161,0.266556,0.708333,125,58.715086,8.144036,66.859122,81.534030
8,2569821457141,2,604,162,0.268212,0.708333,128,63.477333,10.245660,73.722993,95.372729
9,2569911460433,2,605,166,0.274380,0.687500,133,62.792125,12.565867,75.357992,96.115020
10,2570001461725,2,607,157,0.258649,0.729167,132,56.623921,11.675742,68.299663,89.464775
11,2570181473058,2,606,163,0.268977,0.687500,134,64.049750,15.503782,79.553532,104.355889
12,2570271470767,2,603,159,0.263682,0.729167,138,66.032124,14.947407,80.979531,107.923012
13,2570361465975,2,609,156,0.256158,0.708333,119,57.168296,14.991157,72.159453,98.336811
14,2570451459767,2,601,164,0.272879,0.729167,134,58.641336,8.362161,67.003497,80.706781
15,2570541463475,2,604,192,0.317881,0.687500,133,66.180499,11.818367,77.998866,102.234224
16,2570631468559,2,604,166,0.274834,0.687500,130,65.047665,8.350953,73.398618,89.496024
17,2570721464559,2,603,172,0.285240,0.708333,140,58.413336,16.169323,74.582659,100.844684
18,2570811468850,2,604,178,0.294702,0.729167,136,61.331293,12.541491,73.872784,101.001309
19,2570991474350,2,603,156,0.258706,0.750000,125,59.100170,14.846282,73.946452,99.734059
20,2571081465434,2,602,165,0.274086,0.729167,123,60.630377,15.466948,76.097325,99.165102
21,2571171462517,2,605,163,0.269421,0.729167,135,56.380671,7.882911,64.263582,83.728195
22,2571261467517,2,603,154,0.255390,0.770833,135,67.161831,14.351365,81.513196,105.845389
23,2571351467392,2,603,159,0.263682,0.729167,133,58.171337,14.370115,72.541452,95.682771
24,2571441479059,2,604,155,0.256623,0.666667,129,65.090082,14.578073,79.668155,105.006181
25,2571531472601,2,605,161,0.266116,0.729167,129,57.823587,10.043826,67.867413,89.740983
26,2571711482392,2,607,146,0.240527,0.645833,130,57.836462,13.462199,71.298661,90.348024
27,2571801474351,2,604,157,0.259934,0.729167,123,65.135457,14.536074,79.671531,102.525474
28,2571891471934,2,607,175,0.288303,0.729167,126,61.407418,15.413282,76.820700,98.470769
29,2571981474059,2,603,169,0.280265,0.750000,127,64.264541,15.615198,79.879739,104.739139
30,2572071470309,2,603,165,0.273632,0.729167,118,59.164961,12.740533,71.905494,95.619062
31,2572161479393,2,605,150,0.247934,0.750000,121,61.256460,14.313990,75.570450,98.564810
32,2572251464934,2,604,155,0.256623,0.708333,124,64.254291,14.588366,78.842657,103.509140
33,2572431489934,2,607,162,0.266886,0.708333,118,58.576920,15.014782,73.591702,95.814103
34,2572521487934,2,606,151,0.249175,0.770833,126,64.579666,12.506866,77.086532,101.887016
35,2572611478059,2,602,168,0.279070,0.750000,120,59.865877,8.555036,68.420913,82.657279
36,2572701478018,2,607,167,0.275124,0.750000,118,65.174999,15.326240,80.501239,103.381056
37,2572791496351,2,605,165,0.272727,0.770833,119,60.551752,11.360618,71.912370,89.849399
38,2572881471310,2,609,171,0.280788,0.770833,119,59.427794,8.721161,68.148955,83.892487
39,2572971488893,2,606,166,0.273927,0.729167,122,68.810288,15.090323,83.900611,108.648470
40,2573151513851,2,606,167,0.275578,0.750000,129,60.272669,12.998824,73.271493,93.491730
41,2573241482810,2,604,163,0.269868,0.729167,121,60.652544,14.818573,75.471117,98.191602
42,2573331478518,2,603,166,0.275290,0.750000,123,58.199337,15.654740,73.854077,96.005104
43,2573421486268,2,604,175,0.289735,0.729167,127,66.785831,15.801323,82.587154,105.016514
44,2573511491102,2,602,155,0.257475,0.708333,116,62.384251,14.817698,77.201949,102.444474
45,2573601474310,2,601,165,0.274542,0.770833,118,58.421503,14.881407,73.302910,94.281729
46,2573691487018,2,603,170,0.281924,0.750000,124,61.965959,8.476869,70.442828,85.089694
47,2573871481185,2,603,157,0.260365,0.729167,128,64.382416,14.798198,79.180614,104.159848
48,2573961525810,2,603,153,0.253731,0.687500,120,60.665293,11.230201,71.895494,92.962063
49,2574051480560,2,606,154,0.254125,0.770833,124,60.545668,14.547366,75.093034,103.733432
50,2574141488394,2,604,166,0.274834,0.708333,124,58.982420,8.327286,67.309706,82.082821
51,2574231483935,2,605,165,0.272727,0.729167,124,61.864168,10.650535,72.514703,94.848355
52,2574321481352,2,600,155,0.258333,0.750000,120,56.326088,13.807491,70.133579,88.770275
53,2574411477269,2,601,160,0.266223,0.708333,116,62.812042,13.833324,76.645366,99.872267
54,2574501478227,2,606,162,0.267327,0.750000,126,65.394373,10.775535,76.169908,95.071104
55,2574681500269,2,605,159,0.262810,0.708333,123,59.446461,7.617370,67.063831,80.459822
56,2574771485352,2,605,170,0.280992,0.750000,119,65.953623,8.613786,74.567409,89.563983
57,2574861490436,2,604,187,0.309603,0.687500,133,65.100541,15.818656,80.919197,103.292307
58,2574951491436,2,604,162,0.268212,0.687500,122,58.720045,8.305911,67.025956,83.137904
59,2575041485936,2,603,156,0.258706,0.708333,125,63.758958,6.468413,70.227371,85.749193
60,2575131484561,2,604,158,0.261589,0.687500,132,56.255838,13.730825,69.986663,90.000774
61,2575221484144,2,603,166,0.275290,0.750000,134,62.724500,11.801867,74.526367,96.195770
62,2575401483186,2,604,148,0.245033,0.750000,131,61.387501,7.899911,69.287412,84.465820
63,2575491485852,2,604,171,0.283113,0.791667,133,65.097166,15.999573,81.096739,107.942845
64,2575581484394,2,602,154,0.255814,0.687500,126,60.955626,14.501699,75.457325,99.977351
65,2575671476686,2,603,161,0.266998,0.666667,129,57.058921,10.454785,67.513706,90.294107
66,2575761490436,2,602,156,0.259136,0.750000,120,65.965790,14.869240,80.835030,105.289014
67,2575851483061,2,603,160,0.265340,0.750000,127,56.063672,7.976744,64.040416,78.088823
68,2575941489311,2,606,154,0.254125,0.708333,117,65.246165,14.577948,79.824113,103.560640
69,2576121486519,2,602,153,0.254153,0.750000,119,62.413792,14.500323,76.914115,102.218725
70,2576211494853,2,607,160,0.263591,0.708333,117,61.307293,8.207911,69.515204,84.972027
71,2576301492853,2,606,175,0.288779,0.750000,123,64.001541,8.349078,72.350619,88.009734
72,2576391492270,2,607,152,0.250412,0.708333,129,61.295959,14.793199,76.089158,100.920392
73,2576481495020,2,607,168,0.276771,0.729167,128,60.899252,7.603620,68.502872,89.275524
74,2576571485770,2,607,159,0.261944,0.687500,131,60.097835,14.825240,74.923075,90.635315
75,2576661489895,2,601,150,0.249584,0.750000,124,63.986792,14.251783,78.238575,97.075186
76,2576751496520,2,604,155,0.256623,0.708333,125,56.084130,6.542079,62.626209,77.353616
77,2576931498687,2,604,146,0.241722,0.729167,117,57.841045,6.649162,64.490207,79.779364
78,2577021495520,2,605,150,0.247934,0.666667,114,69.178371,14.719490,83.897861,105.814555
79,2577111489728,2,605,171,0.282645,0.708333,130,57.289670,15.630282,72.919952,92.809439
80,2577201491645,2,604,173,0.286424,0.770833,125,59.509794,16.094823,75.604617,106.996054
81,2577291484020,2,606,161,0.265677,0.770833,120,60.914543,15.216490,76.131033,97.352186
82,2577381494770,2,605,165,0.272727,0.708333,122,59.955503,13.964157,73.919660,96.883686
83,2577471493145,2,602,160,0.265781,0.729167,123,57.595128,14.967740,72.562868,95.007354
84,2577651488229,2,604,158,0.261589,0.729167,121,65.919373,14.578199,80.497572,102.937474
85,2577741498270,2,606,163,0.268977,0.687500,123,57.772712,14.807991,72.580703,96.827270
86,2577831505937,2,608,153,0.251645,0.750000,123,60.666794,8.717827,69.384621,90.905981
87,2577921488645,2,606,159,0.262376,0.687500,119,64.609999,15.341739,79.951738,105.304639
88,2578011493437,2,604,162,0.268212,0.708333,128,61.907709,8.091953,69.999662,84.896944
89,2578101498937,2,605,165,0.272727,0.666667,131,64.936248,8.281203,73.217451,89.852358
90,2578191503937,2,605,160,0.264463,0.750000,123,58.556795,8.563870,67.120665,90.637065
91,2578281501270,2,607,162,0.266886,0.770833,129,61.866376,14.593990,76.460366,99.796726
92,2578461505437,2,606,159,0.262376,0.645833,125,61.167751,8.034245,69.201996,84.766152
93,2578551490729,2,608,175,0.287829,0.729167,128,61.389210,16.074281,77.463491,102.035099
94,2578641495729,2,604,154,0.254967,0.708333,126,56.808462,8.395411,65.203873,88.452150
95,2578731521604,2,606,158,0.260726,0.729167,116,63.701374,12.817908,76.519282,95.745270
96,2578821526062,2,601,166,0.276206,0.729167,119,63.481833,15.511365,78.993198,97.504977
97,2578911500312,2,607,167,0.275124,0.770833,127,56.965046,7.623162,64.588208,81.317654
98,2579001500479,2,602,166,0.275748,0.708333,128,57.573545,13.296408,70.869953,90.346857
99,2579181494688,2,602,176,0.292359,0.729167,126,64.470458,14.847782,79.318240,102.846640
100,2579271529354,2,601,174,0.289517,0.750000,129,57.072879,15.688823,72.761702,91.146940
101,2579361495313,2,604,153,0.253311,0.729167,124,64.799041,14.148699,78.947740,103.095723
102,2579451496563,2,606,171,0.282178,0.729167,130,59.867002,15.857656,75.724658,99.242642
103,2579541509229,2,605,157,0.259504,0.729167,98,61.720668,9.543535,71.264203,92.028689
104,2579631502229,2,602,151,0.250831,0.625000,107,58.966836,14.257157,73.223993,91.995064
105,2579721491230,2,604,171,0.283113,0.604167,96,61.280001,15.445490,76.725491,99.395143
106,2579811516605,2,605,167,0.276033,0.666667,75,56.093713,12.742450,68.836163,85.147443
107,2579991513021,2,603,177,0.293532,0.729167,77,59.376711,7.268245,66.644956,81.948446
108,2580081505563,2,606,156,0.257426,0.645833,72,58.908336,9.991160,68.899496,86.398234
109,2580171508896,2,604,173,0.286424,0.666667,148,59.332710,16.481239,75.813949,94.508646
110,2580261503230,2,608,180,0.296053,0.666667,150,60.504793,16.564405,77.069198,91.730940
111,2580351508313,2,602,184,0.305648,0.770833,99,60.865501,8.683536,69.549037,84.394486
112,2580441540438,2,604,167,0.276490,0.645833,101,58.144879,7.813994,65.958873,79.618864
113,2580531501897,2,605,197,0.325620,0.750000,95,56.856338,8.386745,65.243083,78.156115
114,2580711507938,2,604,174,0.288079,0.729167,82,60.900793,8.208787,69.109580,90.036441
115,2580801502147,2,603,188,0.311774,0.708333,168,59.155710,17.288155,76.443865,96.050228
116,2580891500647,2,607,168,0.276771,0.729167,117,57.333837,7.125371,64.459208,80.604030
117,2580981502980,2,604,170,0.281457,0.687500,104,56.888921,7.138496,64.027417,78.842865
118,2581071511355,2,603,173,0.286899,0.750000,94,56.499171,16.072406,72.571577,98.260893
119,2581161509147,2,608,196,0.322368,0.708333,175,58.882711,15.774781,74.657492,96.560311
120,2581341517064,2,606,165,0.272277,0.687500,102,57.216462,6.731996,63.948458,78.111073
121,2581431510480,2,603,152,0.252073,0.687500,104,61.560167,9.068619,70.628786,87.041651
122,2581521501439,2,604,174,0.288079,0.666667,104,62.300375,16.101531,78.401906,100.443100
123,2581611511897,2,605,176,0.290909,0.708333,101,56.142504,16.564656,72.707160,95.747020
124,2581701505939,2,606,192,0.316832,0.729167,103,62.585250,14.241199,76.826449,99.515601
125,2581791510147,2,607,189,0.311367,0.750000,91,54.167131,14.154074,68.321205,81.627779
126,2581881503272,2,601,169,0.281198,0.729167,157,61.083334,15.710781,76.794115,100.992433
127,2582061504106,2,606,167,0.275578,0.687500,105,60.959418,7.043162,68.002580,81.358029
128,2582151506814,2,603,176,0.291874,0.729167,98,58.663878,16.631781,75.295659,94.858771
129,2582241514022,2,606,190,0.313531,0.729167,175,62.593125,17.260197,79.853322,100.427142
130,2582331513856,2,606,164,0.270627,0.791667,110,55.089422,8.242703,63.332125,76.391158
131,2582421519397,2,607,169,0.278418,0.708333,102,53.395756,15.498406,68.894162,96.808186
132,2582511502773,2,605,183,0.302479,0.687500,104,52.136841,16.397530,68.534371,89.562524
133,2582601504689,2,608,179,0.294408,0.645833,105,59.979793,15.461073,75.440866,98.311185
134,2582691505981,2,602,197,0.327243,0.750000,102,53.381632,8.913369,62.295001,80.607030
135,2582871544689,2,604,186,0.307947,0.750000,159,60.085710,8.257620,68.343330,86.493776
136,2582961519564,2,604,186,0.307947,0.708333,107,57.630753,7.281120,64.911873,78.896573
137,2583051511356,2,607,191,0.314662,0.708333,102,55.546505,9.465535,65.012040,79.948781
138,2583141516148,2,603,179,0.296849,0.708333,106,56.005838,16.508197,72.514035,93.348813
139,2583231512398,2,605,170,0.280992,0.687500,89,58.939670,16.014406,74.954076,98.215394
140,2583321508481,2,601,193,0.321131,0.750000,97,57.498837,17.290447,74.789284,97.115227
141,2583411508940,2,602,183,0.303987,0.750000,84,62.861584,16.565531,79.427115,101.345475
142,2583591521481,2,603,173,0.286899,0.750000,82,55.687797,15.713114,71.400911,84.113653
143,2583681507523,2,603,196,0.325041,0.666667,79,54.301006,17.404572,71.705578,95.608520
144,2583771517148,2,603,189,0.313433,0.687500,80,56.414838,16.837655,73.252493,93.611354
145,2583861512981,2,605,155,0.256198,0.666667,141,55.982338,6.642163,62.624501,81.308863
146,2583951514690,2,603,156,0.258706,0.666667,100,58.190670,6.604787,64.795457,77.527657
147,2584041525565,2,605,174,0.287603,0.729167,102,53.702089,10.099160,63.801249,80.816863
148,2584131526315,2,604,175,0.289735,0.645833,83,55.646089,7.894203,63.540292,75.746242
149,2584311525690,2,603,179,0.296849,0.687500,152,60.222085,16.084948,76.307033,99.050226
150,2584401515940,2,603,176,0.291874,0.770833,109,53.660173,6.689871,60.350044,72.948660
151,2584491539523,2,604,158,0.261589,0.708333,96,53.354465,8.267037,61.621502,78.986531
152,2584581520273,2,605,181,0.299174,0.708333,90,57.236338,14.315824,71.552162,92.692397
153,2584671510607,2,603,174,0.288557,0.666667,161,57.147379,8.650535,65.797914,82.918654
154,2584761513815,2,604,172,0.284768,0.687500,103,53.753797,6.728204,60.482001,73.994159
155,2584851512107,2,602,180,0.299003,0.770833,104,52.049133,8.699703,60.748836,74.786076
156,2585031534649,2,605,173,0.285950,0.729167,83,60.712084,8.990828,69.702912,82.965070
157,2585121530232,2,604,181,0.299669,0.708333,160,60.394834,16.586114,76.980948,94.578604
158,2585211519190,2,607,164,0.270181,0.666667,117,59.857711,6.541537,66.399248,80.507238
159,2585301525482,2,603,149,0.247098,0.687500,98,53.302589,7.861078,61.163667,73.615409
160,2585391530899,2,604,173,0.286424,0.729167,90,62.124793,12.132492,74.257285,98.365268
161,2585481522149,2,605,168,0.277686,0.729167,80,55.411796,15.723490,71.135286,89.056399
162,2585571526107,2,604,155,0.256623,0.687500,76,59.799419,6.731746,66.531165,83.813153
163,2585751523399,2,602,163,0.270764,0.729167,70,60.690710,15.007657,75.698367,96.643728
164,2585841530482,2,604,157,0.259934,0.750000,142,56.382671,13.940991,70.323662,85.403401
165,2585931523107,2,603,146,0.242123,0.666667,106,63.122125,6.002996,69.125121,81.475487
166,2586021528108,2,603,152,0.252073,0.708333,86,53.638381,6.175829,59.814210,72.504827
167,2586111518149,2,600,165,0.275000,0.604167,85,57.469879,11.913159,69.383038,87.621484
168,2586201531316,2,605,177,0.292562,0.708333,75,63.187083,12.589241,75.776324,93.904521
169,2586291527941,2,606,153,0.252475,0.666667,69,62.689917,14.461949,77.151866,97.370852
170,2586381516566,2,604,147,0.243377,0.645833,63,55.462172,6.532329,61.994501,72.509785
171,2586561521983,2,602,167,0.277409,0.645833,143,59.500919,15.830198,75.331117,93.036563
172,2586651525441,2,604,158,0.261589,0.645833,87,54.201089,6.369329,60.570418,71.335328
173,2586741528816,2,602,166,0.275748,0.645833,87,51.526383,6.861579,58.387962,69.073830
174,2586831523316,2,606,159,0.262376,0.708333,62,58.892836,13.427532,72.320368,90.871648
175,2586921520733,2,605,173,0.285950,0.729167,65,56.666296,16.650073,73.316369,87.904191
176,2587011529608,2,604,158,0.261589,0.729167,63,63.052958,8.168787,71.221745,85.455776
177,2587101526650,2,606,179,0.295380,0.750000,162,57.139462,16.382114,73.521576,90.327440
178,2587281538608,2,608,184,0.302632,0.645833,96,61.436292,6.979662,68.415954,80.861405
179,2587371533775,2,604,174,0.288079,0.604167,90,51.145424,6.915370,58.060794,68.031371
180,2587461523650,2,606,188,0.310231,0.645833,89,55.892171,14.810115,70.702286,86.398193
181,2587551526650,2,604,168,0.278146,0.750000,80,57.205587,6.945579,64.151166,80.983488
182,2587641526400,2,606,171,0.282178,0.645833,75,60.363169,15.925490,76.288659,96.628602
183,2587731548275,2,601,186,0.309484,0.666667,140,55.798546,10.616285,66.414831,84.743527
184,2587821563192,2,605,186,0.307438,0.666667,99,58.569794,7.292828,65.862622,78.894573
185,2588001534483,2,603,205,0.339967,0.666667,89,49.348509,7.587078,56.935587,68.648663
186,2588091524234,2,605,198,0.327273,0.666667,153,56.199088,17.698530,73.897618,91.918481
187,2588181536025,2,603,168,0.278607,0.562500,111,60.503085,6.574329,67.077414,81.404196
188,2588271529692,2,606,176,0.290429,0.625000,87,53.033048,6.991703,60.024751,72.552535
189,2588361523484,2,605,181,0.299174,0.666667,77,56.719004,16.682697,73.401701,90.990231
190,2588451552984,2,604,191,0.316225,0.687500,74,61.479001,17.675572,79.154573,98.312268
191,2588541527025,2,603,208,0.344942,0.687500,159,55.762296,18.238488,74.000784,91.521689
192,2588721535567,2,603,208,0.344942,0.645833,174,61.397084,8.086786,69.483870,82.931612
193,2588811542401,2,603,165,0.273632,0.666667,100,53.471256,6.974870,60.446126,74.211034
194,2588901542734,2,602,179,0.297342,0.645833,97,52.302965,7.309871,59.612836,72.085119
195,2588991535359,2,605,179,0.295868,0.604167,153,52.415924,9.176328,61.592252,76.359991
196,2589081532859,2,602,197,0.327243,0.708333,110,55.946629,7.357703,63.304332,78.146198
197,2589171527984,2,605,193,0.319008,0.729167,167,54.289464,7.334953,61.624417,75.171700
198,2589261533734,2,605,180,0.297521,0.708333,101,54.109631,6.949121,61.058752,74.442784
199,2589351537817,2,604,198,0.327815,0.708333,171,50.920717,7.623120,58.543837,71.123120
200,2589531530568,2,601,208,0.346090,0.687500,182,53.106839,7.762536,60.869375,75.461950
201,2589621546568,2,600,195,0.325000,0.666667,114,49.980633,7.471745,57.452378,72.069535
202,2589711531484,2,601,221,0.367720,0.708333,186,48.899093,8.064661,56.963754,70.786536
203,2589801541943,2,604,196,0.324503,0.750000,169,51.067007,7.485537,58.552544,72.838827
204,2589891546484,2,606,209,0.344884,0.687500,111,52.315216,7.988578,60.303794,74.629659
205,2589981551818,2,603,203,0.336650,0.729167,167,47.947218,7.688120,55.635338,68.827038
206,2590161539901,2,603,215,0.356551,0.708333,173,51.339341,7.992412,59.331753,73.619368
207,2590251544526,2,605,209,0.345455,0.750000,128,51.601299,8.046411,59.647710,74.138159
208,2590341537526,2,602,216,0.358804,0.812500,188,50.479300,8.413952,58.893252,74.560075
209,2590431532568,2,600,198,0.330000,0.770833,116,49.867717,8.300453,58.168170,71.988452
210,2590521622443,2,603,217,0.359867,0.729167,179,52.986631,8.319494,61.306125,75.643283
211,2590611631985,2,603,194,0.321725,0.812500,111,52.733048,7.791453,60.524501,75.781283
212,2590701544360,2,605,224,0.370248,0.812500,185,52.967673,9.038369,62.006042,77.257865
213,2590791539943,2,602,213,0.353821,0.791667,124,50.210716,8.529953,58.740669,73.690284
214,2590971531402,2,601,224,0.372712,0.833333,174,50.393008,8.730995,59.124003,73.017868
215,2591061554818,2,601,198,0.329451,0.854167,108,51.329008,7.782787,59.111795,73.384326
216,2591151562152,2,603,225,0.373134,0.833333,197,53.078090,8.794869,61.872959,75.727783
217,2591241546443,2,601,228,0.379368,0.854167,135,48.344093,9.003619,57.347712,73.790909
218,2591331549693,2,607,235,0.387150,0.895833,199,50.737841,9.404411,60.142252,76.181491
219,2591421550110,2,604,220,0.364238,0.854167,137,49.640134,9.068453,58.708587,75.359033
220,2591511565568,2,603,241,0.399668,0.833333,118,47.795302,9.520077,57.315379,73.228118
221,2591691540444,2,601,227,0.377704,0.812500,172,50.923174,8.567827,59.491001,73.436493
222,2591781539735,2,602,245,0.406977,0.812500,194,49.217384,9.753660,58.971044,74.422617
223,2591871546152,2,601,210,0.349418,0.770833,200,52.521506,8.753786,61.275292,79.281864
224,2591961568860,2,600,247,0.411667,0.729167,137,49.226676,9.920702,59.147378,77.239865
225,2592051547402,2,602,219,0.363787,0.729167,192,48.840843,9.665827,58.506670,75.665658
226,2592141563069,2,601,226,0.376040,0.729167,158,51.544008,9.711285,61.255293,80.333530
227,2592231553735,2,601,214,0.356073,0.729167,152,49.639300,9.413369,59.052669,78.280115
228,2592411547902,2,600,234,0.390000,0.687500,144,47.093968,9.363744,56.457712,74.278576
229,2592501561986,2,601,231,0.384359,0.750000,134,50.675758,9.964785,60.640543,76.896699
230,2592591563736,2,603,230,0.381426,0.645833,122,46.132511,10.262910,56.395421,72.493743
231,2592681564361,2,601,240,0.399334,0.708333,199,44.961887,10.398201,55.360088,72.170369
232,2592771562819,2,600,260,0.433333,0.729167,213,47.424260,11.079785,58.504045,76.759699
233,2592861536569,2,602,245,0.406977,0.812500,161,50.368592,10.210951,60.579543,80.145530
234,2592951559402,2,602,264,0.438538,0.833333,228,47.935509,10.840409,58.775918,78.614406
235,2593041544778,2,602,247,0.410299,0.833333,222,47.848760,10.503909,58.352669,76.744283
236,2593221608361,2,601,233,0.387687,0.812500,105,47.983884,10.103702,58.087586,74.918325
237,2593311574319,2,601,248,0.412646,0.833333,111,46.935135,10.020660,56.955795,72.867785
238,2593401557111,2,601,260,0.432612,0.833333,100,51.558341,10.388909,61.947250,77.431282
239,2593491549569,2,602,230,0.382060,0.770833,106,50.046884,9.829535,59.876419,74.985575
240,2593581543194,2,604,248,0.410596,0.812500,102,49.183509,9.908785,59.092294,74.151118
241,2593671559611,2,602,256,0.425249,0.875000,89,48.595134,9.848993,58.444127,72.988659
242,2593761546361,2,601,230,0.382695,0.791667,95,49.883008,9.736577,59.619585,74.734700
243,2593941573945,2,601,233,0.387687,0.812500,145,47.703593,10.775660,58.479253,72.303494
244,2594031567028,2,604,256,0.423841,0.875000,109,55.118380,9.905577,65.023957,80.080696
245,2594121549111,2,603,228,0.378109,0.750000,101,48.347759,9.198702,57.546461,71.388285
246,2594211553695,2,601,249,0.414309,0.812500,97,50.322966,9.915785,60.238751,75.733199
247,2594301571903,2,602,245,0.406977,0.750000,98,49.342133,9.253119,58.595252,72.103785
248,2594391559237,2,603,253,0.419569,0.812500,84,51.068216,9.179952,60.248168,73.996659
249,2594481552695,2,601,262,0.435940,0.770833,86,48.585343,9.829535,58.414878,71.269036
250,2594661566570,2,601,260,0.432612,0.812500,83,50.760800,9.673243,60.434043,72.829034
251,2594751555028,2,602,279,0.463455,0.791667,137,48.568635,12.334075,60.902710,73.182909
252,2594841574237,2,603,294,0.487562,0.916667,131,48.495676,10.653326,59.149002,75.093117
253,2594931541945,2,601,254,0.422629,0.791667,124,47.238594,9.816452,57.055046,73.604409
254,2595021590945,2,602,284,0.471761,0.895833,127,47.565968,10.377326,57.943294,73.140160
255,2595111558654,2,601,261,0.434276,0.833333,115,49.810383,10.181535,59.991918,75.163700
256,2595201565487,2,601,282,0.469218,0.812500,117,52.169966,11.291451,63.461417,78.961489
257,2595381553029,2,604,236,0.390728,0.895833,99,52.115590,9.868160,61.983750,76.802366
258,2595471573320,2,601,257,0.427621,0.895833,100,51.174633,9.900410,61.075043,75.356241
259,2595561567487,2,602,262,0.435216,0.875000,90,52.263966,10.269034,62.533000,75.592491
260,2595651569362,2,601,267,0.444260,0.916667,95,53.994005,23.820859,77.814864,96.371186
261,2595741559945,2,602,271,0.450166,0.895833,98,59.143877,23.325443,82.469320,102.383057
262,2595831553571,2,603,248,0.411277,0.875000,87,55.979921,12.157784,68.137705,82.984861
263,2595921555279,2,602,256,0.425249,0.895833,90,58.997752,24.341817,83.339569,100.242266
264,2596101575612,2,601,246,0.409318,0.791667,168,53.186465,10.501493,63.687958,81.851695
265,2596191608612,2,603,271,0.449420,0.812500,129,58.445461,10.035035,68.480496,86.326693
266,2596281555821,2,600,256,0.426667,0.895833,131,48.664884,9.846118,58.511002,74.834867
267,2596371549612,2,601,235,0.391015,0.833333,125,48.210927,9.311661,57.522588,72.851952
268,2596461558321,2,602,255,0.423588,0.791667,127,51.377674,9.906702,61.284376,78.103782
269,2596551553654,2,604,253,0.418874,0.937500,115,46.193553,9.487327,55.680880,71.105994
270,2596641604738,2,602,271,0.450166,0.875000,119,49.687301,10.782701,60.470002,77.254823
271,2596731559446,2,603,282,0.467662,0.833333,108,59.734668,24.969858,84.704526,108.041802
272,2596911630654,2,607,268,0.441516,0.812500,141,52.393090,11.622492,64.015582,75.793741
273,2597001554446,2,606,288,0.475248,0.812500,100,58.844919,10.534660,69.379579,81.520362
274,2597091565446,2,604,262,0.433775,0.937500,97,51.328133,14.857698,66.185831,84.099944
275,2597181571946,2,602,289,0.480066,0.895833,100,59.916835,24.705858,84.622693,105.605096
276,2597271560863,2,605,292,0.482645,0.708333,101,52.601882,13.693991,66.295873,81.220070
277,2597361556238,2,604,279,0.461921,0.729167,89,56.591254,25.265525,81.856779,96.341894
278,2597451558238,2,603,275,0.456053,0.791667,89,60.891751,24.661691,85.553442,100.727099
279,2597631566030,2,604,280,0.463576,0.895833,66,64.452832,25.193608,89.646440,104.435472
280,2597721589446,2,603,273,0.452736,0.791667,144,56.468879,24.791942,81.260821,97.934643
281,2597811572530,2,602,263,0.436877,0.833333,98,53.471172,12.165159,65.636331,77.792906
282,2597901557655,2,603,270,0.447761,0.812500,89,48.093968,10.875243,58.969211,72.254369
283,2597991558947,2,604,261,0.432119,0.812500,86,60.257960,24.069525,84.327485,104.477638
284,2598081569613,2,606,255,0.420792,0.770833,90,54.497464,23.755901,78.253365,93.053229
285,2598171564822,2,604,286,0.473510,0.875000,89,60.501085,25.505692,86.006777,103.105264
286,2598351574697,2,604,288,0.476821,0.770833,86,55.737088,13.884824,69.621912,81.780862
287,2598441575155,2,603,297,0.492537,0.895833,86,52.610090,26.941315,79.551405,93.320063
288,2598531561738,2,605,304,0.502479,0.895833,83,57.078920,26.691482,83.770402,103.850764
289,2598621558447,2,605,285,0.471074,0.812500,88,55.494130,25.410733,80.904863,94.759562
290,2598711564989,2,604,278,0.460265,0.833333,76,57.792794,20.540570,78.333364,90.963147
291,2598801568989,2,605,262,0.433058,0.895833,79,60.655459,23.782650,84.438109,98.512351
292,2598891559822,2,606,281,0.463696,0.895833,82,58.319794,25.315316,83.635110,100.026850
293,2599071571780,2,604,249,0.412252,0.854167,148,54.055881,14.314616,68.370497,82.154320
294,2599161588322,2,605,268,0.442975,0.854167,114,62.490125,9.970993,72.461118,85.082401
295,2599251567989,2,605,261,0.431405,0.812500,122,51.421216,10.797201,62.218417,79.018489
296,2599341573864,2,602,287,0.476744,0.854167,112,59.313877,25.212150,84.526027,101.401057
297,2599431580364,2,601,279,0.464226,0.833333,111,52.762340,23.211568,75.973908,91.351064
298,2599521560072,2,607,273,0.449753,0.895833,107,60.960876,24.809192,85.770068,98.625518
299,2599611566531,2,604,271,0.448675,0.833333,99,53.368173,11.797200,65.165373,79.809489
300,2599701567739,2,605,270,0.446281,0.854167,99,60.633543,17.924821,78.558364,96.510519
301,2599881589447,2,603,281,0.466003,0.833333,97,54.256588,22.450193,76.706781,90.237356
302,2599971573114,2,601,282,0.469218,0.875000,91,55.660171,25.134024,80.794195,95.929769
303,2600061570364,2,602,253,0.420266,0.812500,91,61.829208,12.494992,74.324200,87.586233
304,2600151561781,2,601,256,0.425957,0.833333,86,58.716586,23.964109,82.680695,97.715101
305,2600241562156,2,600,257,0.428333,0.770833,155,63.950999,23.518110,87.469109,104.892721
306,2600331571823,2,603,244,0.404643,0.812500,130,53.485922,9.733868,63.219790,78.603656
307,2600421572739,2,603,242,0.401327,0.833333,126,50.329592,11.919158,62.248750,78.357031
308,2600601593323,2,603,240,0.398010,0.770833,103,61.112793,19.873778,80.986571,95.397853
309,2600691571240,2,605,224,0.370248,0.729167,93,51.999882,15.530948,67.530830,81.134071
310,2600781575823,2,606,246,0.405941,0.791667,97,59.457668,11.388493,70.846161,85.028277
311,2600871572490,2,603,252,0.417910,0.791667,91,57.215712,19.147862,76.363574,92.242855
312,2600961574781,2,605,253,0.418182,0.833333,94,61.659001,11.202409,72.861410,86.813026
313,2601051573865,2,602,267,0.443522,0.812500,167,54.985463,20.502028,75.487491,90.494190
314,2601141574198,2,604,259,0.428808,0.791667,152,58.039419,9.978451,68.017870,85.491401
315,2601231574698,2,602,280,0.465116,0.812500,145,51.791507,12.104867,63.896374,82.167445
316,2601411594198,2,602,268,0.445183,0.833333,121,55.546088,16.982406,72.528494,90.565731
317,2601501567532,2,601,254,0.422629,0.812500,113,55.140796,11.226576,66.367372,83.025278
318,2601591570198,2,601,258,0.429285,0.791667,107,55.783337,23.860817,79.644154,98.622809
319,2601681581157,2,603,257,0.426202,0.833333,108,59.570210,23.585526,83.155736,108.423386
320,2601771586323,2,603,270,0.447761,0.770833,105,57.748920,12.503658,70.252578,85.457901
321,2601861564115,2,601,282,0.469218,0.812500,103,56.035046,24.111859,80.146905,96.290310
322,2601951571407,2,604,252,0.417219,0.833333,99,56.892212,10.559326,67.451538,82.554695
323,2602131605490,2,604,243,0.402318,0.833333,164,56.118379,21.642194,77.760573,96.743977
324,2602221565532,2,603,236,0.391376,0.791667,118,54.113464,9.113744,63.227208,77.468407
325,2602311579240,2,604,227,0.375828,0.812500,121,57.010545,8.977286,65.987831,79.864238
326,2602401572782,2,603,244,0.404643,0.729167,117,56.650920,12.771283,69.422203,85.809026
327,2602491574699,2,604,247,0.408940,0.750000,98,65.579456,22.503568,88.083024,108.596011
328,2602581585699,2,602,227,0.377076,0.708333,173,58.393336,11.805242,70.198578,84.464860
329,2602671612199,2,606,233,0.384488,0.687500,162,59.335877,9.348285,68.684162,84.750026
330,2602851578699,2,604,220,0.364238,0.770833,131,52.477215,9.052577,61.529792,76.903199
331,2602941576366,2,605,250,0.413223,0.729167,125,56.425462,10.781534,67.206996,84.654277
332,2603031633949,2,600,246,0.410000,0.770833,119,57.416503,10.819368,68.235871,86.037025
333,2603121588532,2,605,242,0.400000,0.770833,116,58.756794,22.348735,81.105529,100.037225
334,2603211587366,2,606,223,0.367987,0.687500,169,58.704294,10.060951,68.765245,85.483443
335,2603301582407,2,606,230,0.379538,0.729167,147,57.744462,9.360577,67.105039,83.563153
336,2603391588199,2,603,234,0.388060,0.708333,134,50.828633,9.113119,59.941752,75.532742
337,2603571571533,2,604,256,0.423841,0.812500,130,56.835128,12.744700,69.579828,88.205232
338,2603661571908,2,607,227,0.373970,0.750000,129,57.833753,11.572284,69.406037,87.076609
339,2603751579533,2,602,236,0.392027,0.833333,124,58.220378,14.459324,72.679702,91.475022
340,2603841603324,2,603,237,0.393035,0.770833,132,57.846544,22.331610,80.178154,97.897393
341,2603931574908,2,602,249,0.413621,0.791667,112,55.521379,11.402242,66.923621,82.243695
342,2604021573324,2,604,248,0.410596,0.750000,113,60.534293,22.833193,83.367486,111.110426
343,2604111588408,2,605,203,0.335537,0.750000,109,54.059047,10.488410,64.547457,80.606738
344,2604291576741,2,605,231,0.381818,0.791667,178,56.076046,22.467026,78.543072,95.665978
345,2604381615783,2,602,229,0.380399,0.625000,126,57.643045,9.030369,66.673414,81.542946
346,2604471586700,2,606,221,0.364686,0.708333,126,51.962340,9.460077,61.422417,76.466323
347,2604561583408,2,604,210,0.347682,0.708333,122,57.170336,22.222235,79.392571,98.780976
348,2604651572491,2,603,217,0.359867,0.729167,114,58.969128,21.784194,80.753322,101.633391
349,2604741579866,2,604,221,0.365894,0.729167,171,57.982169,11.834242,69.816411,86.107901
350,2604831605908,2,604,213,0.352649,0.729167,127,53.775756,9.050619,62.826375,77.967989
351,2605011594408,2,604,238,0.394040,0.791667,115,51.395799,9.770035,61.165834,75.008200
352,2605101593742,2,600,250,0.416667,0.791667,99,59.240461,23.350485,82.590946,109.177385
353,2605191605242,2,606,239,0.394389,0.770833,94,57.387669,24.211526,81.599195,98.501726
354,2605281595450,2,602,252,0.418605,0.708333,95,56.784087,12.522158,69.306245,82.634361
355,2605371629700,2,602,256,0.425249,0.645833,96,56.421921,23.671025,80.092946,93.575437
356,2605461590075,2,601,268,0.445923,0.729167,164,58.979669,23.998234,82.977903,100.722057
357,2605551598950,2,604,277,0.458609,0.791667,126,59.522585,10.830743,70.353328,86.328025
358,2605641626325,2,604,276,0.456954,0.791667,120,55.310754,10.578785,65.889539,79.907946
359,2605821606367,2,604,282,0.466887,0.729167,92,59.686585,12.775324,72.461909,85.836734
360,2605911594867,2,605,276,0.456198,0.833333,157,58.902210,13.688158,72.590368,84.337360
361,2606001629450,2,602,256,0.425249,0.729167,119,58.162127,10.240952,68.403079,83.032153
362,2606091586700,2,604,278,0.460265,0.750000,132,54.565797,10.779618,65.345415,80.308197
363,2606181599242,2,607,284,0.467875,0.750000,125,53.096631,13.130241,66.226872,83.329569
364,2606271584617,2,606,283,0.466997,0.812500,118,55.701754,14.182365,69.884119,86.975192
365,2606361613867,2,605,256,0.423140,0.812500,107,55.314672,13.590450,68.905122,84.853860
366,2606541593117,2,603,279,0.462687,0.875000,93,58.481336,25.618066,84.099402,99.779975
367,2606631614576,2,604,275,0.455298,0.791667,103,52.368173,13.403199,65.771372,80.606988
368,2606721607159,2,602,273,0.453488,0.791667,88,61.088501,26.370024,87.458525,102.012931
369,2606811578117,2,602,290,0.481728,0.750000,79,59.667169,25.541775,85.208944,101.010724
370,2606901590826,2,605,285,0.471074,0.833333,167,59.899793,14.037366,73.937159,86.509192
371,2606991578576,2,602,285,0.473422,0.875000,131,54.765755,11.204451,65.970206,80.732154
372,2607081585743,2,602,288,0.478405,0.812500,119,53.407255,10.981159,64.388414,78.629447
373,2607261602534,2,604,291,0.481788,0.770833,80,54.829713,13.364282,68.193995,79.639030
374,2607351605326,2,602,273,0.453488,0.812500,154,62.422541,13.143991,75.566532,87.979566
375,2607441588159,2,605,287,0.474380,0.750000,118,56.352796,10.542868,66.895664,80.667404
376,2607531610368,2,604,295,0.488411,0.687500,106,52.932548,11.060326,63.992874,77.365782
377,2607621591118,2,606,302,0.498350,0.729167,106,59.251210,26.691441,85.942651,104.813097
378,2607711644660,2,606,295,0.486799,0.833333,103,60.252876,14.415823,74.668699,90.037147
379,2607801585410,2,603,300,0.497512,0.729167,91,60.218085,14.062782,74.280867,88.140524
380,2607981583576,2,604,319,0.528146,0.666667,97,60.364460,27.629190,87.993650,102.750847
381,2608071593160,2,603,330,0.547264,0.750000,166,60.141959,22.448776,82.590735,99.594350
382,2608161592535,2,605,320,0.528926,0.729167,139,58.072628,11.798492,69.871120,86.499650
383,2608251584743,2,603,302,0.500829,0.687500,133,57.395086,11.031785,68.426871,86.047275
384,2608341601576,2,604,318,0.526490,0.729167,127,60.976500,14.718407,75.694907,92.178605
385,2608431586368,2,604,302,0.500000,0.750000,113,59.991877,14.197533,74.189410,91.406605
386,2608521594452,2,602,316,0.524917,0.770833,108,60.128752,15.043615,75.172367,91.280897
387,2608701611993,2,606,304,0.501650,0.750000,97,61.616208,14.508699,76.124907,90.803939
388,2608791620202,2,602,297,0.493355,0.770833,154,59.862127,26.895773,86.757900,102.852890
389,2608881600618,2,605,322,0.532231,0.791667,160,59.518460,11.604284,71.122744,88.701816
390,2608971591952,2,605,316,0.522314,0.729167,160,54.663546,11.249451,65.912997,83.498486
391,2609061609910,2,607,321,0.528830,0.750000,138,61.738042,14.708907,76.446949,97.363101
392,2609151603119,2,602,309,0.513289,0.812500,140,59.632793,12.967116,72.599909,90.884648
393,2609241612285,2,605,317,0.523967,0.770833,127,57.361337,13.521741,70.883078,89.033190
394,2609421616660,2,605,328,0.542149,0.791667,119,60.506084,15.248032,75.754116,94.065145
395,2609511589327,2,606,325,0.536304,0.791667,101,59.131835,14.774907,73.906742,89.738273
396,2609601596369,2,605,298,0.492562,0.770833,161,59.080877,14.380824,73.461701,89.352857
397,2609691611369,2,603,289,0.479270,0.770833,155,59.990751,10.868451,70.859202,88.661190
398,2609781607286,2,601,289,0.480865,0.812500,153,52.725965,11.563117,64.289082,84.925401
399,2609871593536,2,603,293,0.485904,0.750000,149,60.782875,13.911491,74.694366,95.862019
400,2609961605702,2,605,295,0.487603,0.791667,138,61.711750,12.393117,74.104867,92.480772
401,2610051594786,2,602,306,0.508306,0.812500,129,60.406251,13.819782,74.226033,92.796854
402,2610231601077,2,604,300,0.496689,0.812500,127,59.499835,13.313491,72.813326,92.192938
403,2610321602994,2,604,306,0.506622,0.791667,111,57.875211,13.770116,71.645327,89.049274
404,2610411592036,2,604,297,0.491722,0.854167,111,59.723585,14.014616,73.738201,91.352147
405,2610501594619,2,605,295,0.487603,0.895833,109,62.015500,14.178157,76.193657,92.179688
406,2610591606619,2,603,294,0.487562,0.812500,103,60.470876,12.721492,73.192368,88.951524
407,2610681618203,2,601,306,0.509151,0.854167,161,61.996791,14.629115,76.625906,92.164980
408,2610771609994,2,607,276,0.454695,0.833333,153,60.057626,10.058743,70.116369,87.509191
409,2610951597453,2,604,294,0.486755,0.812500,128,54.771338,12.210950,66.982288,85.387567
410,2611041611078,2,606,324,0.534653,0.854167,119,63.057958,14.892865,77.950823,95.328811
411,2611131593328,2,606,289,0.476898,0.875000,114,58.369585,11.923826,70.293411,88.015274
412,2611221614370,2,606,298,0.491749,0.875000,114,59.995627,13.233867,73.229494,90.356189
413,2611311598911,2,605,310,0.512397,0.895833,105,63.816166,14.390699,78.206865,94.784103
414,2611401606078,2,603,294,0.487562,0.833333,102,59.573835,13.651282,73.225117,88.503399
415,2611491603411,2,606,291,0.480198,0.916667,95,58.653294,15.238948,73.892242,90.039356
416,2611671627453,2,604,289,0.478477,0.854167,163,55.589421,22.745734,78.335155,92.944855
417,2611761600203,2,603,282,0.467662,0.875000,127,59.782835,10.293077,70.075912,86.828566
418,2611851602286,2,601,282,0.469218,0.875000,133,55.277505,10.689784,65.967289,83.009694
419,2611941621745,2,603,281,0.466003,0.833333,122,57.734420,12.918825,70.653245,88.816565
420,2612031624287,2,602,275,0.456811,0.833333,119,63.265124,13.039366,76.304490,94.559270
421,2612121617578,2,603,278,0.461028,0.833333,102,59.864751,13.352575,73.217326,89.239898
422,2612211614037,2,604,269,0.445364,0.895833,102,61.363625,16.854197,78.217822,94.635395
423,2612301621078,2,605,281,0.464463,0.895833,95,58.513586,11.529325,70.042911,84.958734
424,2612481624495,2,603,304,0.504146,0.875000,153,60.809000,25.707317,86.516317,103.301014
425,2612571600370,2,601,291,0.484193,0.770833,137,58.743461,12.752283,71.495744,88.908898
426,2612661610537,2,607,264,0.434926,0.812500,132,52.225798,9.935410,62.161208,79.582197
427,2612751633079,2,608,268,0.440789,0.791667,132,57.007670,13.523616,70.531286,88.683899
428,2612841629370,2,604,272,0.450331,0.791667,122,60.592001,13.979324,74.571325,92.420896
429,2612931600537,2,603,257,0.426202,0.791667,113,56.776461,11.655326,68.431787,86.766858
430,2613021602579,2,603,290,0.480929,0.770833,107,59.522627,13.471366,72.993993,89.592357
431,2613201601995,2,605,278,0.459504,0.770833,101,61.124167,13.257700,74.381867,91.091855
432,2613291645621,2,606,258,0.425743,0.729167,142,58.785877,23.755318,82.541195,101.328223
433,2613381610621,2,606,271,0.447195,0.791667,121,58.670919,10.320868,68.991787,84.727527
434,2613471608829,2,607,274,0.451400,0.750000,124,51.430508,10.528451,61.958959,77.122532
435,2613561610787,2,604,276,0.456954,0.687500,115,58.612710,13.007366,71.620076,89.153732
436,2613651621287,2,604,253,0.418874,0.666667,102,54.858796,11.546742,66.405538,82.941653
437,2613741619079,2,601,253,0.420965,0.750000,94,60.115960,22.963609,83.079569,108.874593
438,2613921609662,2,603,247,0.409619,0.687500,147,58.925252,12.632492,71.557744,86.188067
439,2614011635579,2,601,242,0.402662,0.750000,123,61.146667,9.711160,70.857827,85.914693
440,2614101615246,2,600,243,0.405000,0.750000,118,52.700090,9.898035,62.598125,78.331489
441,2614191603579,2,602,252,0.418605,0.791667,104,60.895834,24.373067,85.268901,105.587929
442,2614281611829,2,603,262,0.434494,0.729167,90,60.948376,12.972574,73.920950,87.702732
443,2614371615246,2,605,246,0.406612,0.770833,88,52.779131,10.296494,63.075625,76.885532
444,2614461626038,2,603,293,0.485904,0.770833,83,59.145835,25.809108,84.954943,103.948014
445,2614551635579,2,604,237,0.392384,0.708333,139,58.956335,22.219444,81.175779,99.330100
446,2614731636496,2,603,249,0.412935,0.750000,110,59.137836,11.454534,70.592370,85.256526
447,2614821616788,2,604,269,0.445364,0.791667,101,53.164506,10.051619,63.216125,78.272864
448,2614911631621,2,603,240,0.398010,0.729167,93,59.098461,21.807735,80.906196,98.805934
449,2615001617496,2,607,235,0.387150,0.750000,82,61.806375,11.839075,73.645450,87.815400
450,2615091610705,2,605,224,0.370248,0.750000,78,60.494126,9.880618,70.374744,87.757066
451,2615181614371,2,606,246,0.405941,0.645833,133,58.468002,15.995615,74.463617,87.463150
452,2615271616663,2,601,244,0.405990,0.687500,119,57.070837,9.284493,66.355330,81.501570
453,2615451612955,2,605,236,0.390083,0.770833,112,51.880840,9.493327,61.374167,75.534241
454,2615541617580,2,605,235,0.388430,0.791667,94,57.087169,16.790656,73.877825,92.309188
455,2615631626330,2,604,222,0.367550,0.812500,95,56.050546,10.473452,66.523998,81.386446
456,2615721633913,2,602,255,0.423588,0.750000,90,57.444253,15.635698,73.079951,87.268691
457,2615811614788,2,604,236,0.390728,0.750000,85,59.532418,14.148365,73.680783,89.048816
458,2615901622288,2,602,248,0.411960,0.791667,93,62.411958,22.319985,84.731943,102.219973
459,2615991624663,2,603,224,0.371476,0.791667,79,58.946502,11.314409,70.260911,87.212399
460,2616171608872,2,604,237,0.392384,0.791667,143,60.537210,21.070902,81.608112,107.253387
461,2616261654247,2,603,212,0.351575,0.708333,101,58.194919,8.570078,66.764997,80.664821
462,2616351609372,2,604,230,0.380795,0.729167,95,54.757672,8.770286,63.527958,76.126032
463,2616441616539,2,602,221,0.367110,0.791667,85,59.426502,21.297361,80.723863,97.405893
464,2616531612289,2,605,211,0.348760,0.791667,76,60.469085,20.721028,81.190113,96.967268
465,2616621613955,2,603,219,0.363184,0.791667,60,59.794168,21.391277,81.185445,96.536560
466,2616801624789,2,606,224,0.369637,0.770833,121,59.689418,21.962277,81.651695,104.258513
467,2616891632247,2,604,220,0.364238,0.791667,93,54.695505,9.523035,64.218540,76.837490
468,2616981605289,2,607,232,0.382208,0.791667,94,53.560297,12.445658,66.005955,80.314821
469,2617071632372,2,605,212,0.350413,0.687500,83,62.500125,22.072568,84.572693,102.500806
470,2617161630789,2,605,218,0.360331,0.770833,79,60.565834,11.886242,72.452076,86.093192
471,2617251651414,2,602,200,0.332226,0.750000,74,61.218209,10.837367,72.055576,86.064317
472,2617341622706,2,605,198,0.327273,0.729167,60,58.932252,20.091486,79.023738,91.655938
473,2617431631997,2,603,214,0.354892,0.750000,122,64.767207,21.159111,85.926318,105.543970
474,2617611613873,2,603,198,0.328358,0.770833,74,59.021377,8.283495,67.304872,78.775530
475,2617701655498,2,604,215,0.355960,0.729167,73,52.318132,9.345494,61.663626,73.843825
476,2617791619831,2,602,217,0.360465,0.770833,67,61.690041,16.365280,78.055321,93.425895
477,2617881613623,2,604,207,0.342715,0.708333,69,63.266541,20.341861,83.608402,101.941931
478,2617971638456,2,604,210,0.347682,0.750000,66,61.190750,20.254903,81.445653,99.703599
479,2618061611373,2,604,199,0.329470,0.729167,125,61.858959,20.646236,82.505195,94.887520
480,2618151625790,2,602,213,0.353821,0.791667,93,63.334499,8.801286,72.135785,87.652566
481,2618331621415,2,606,192,0.316832,0.708333,87,61.899000,10.981784,72.880784,87.072858
482,2618421648748,2,607,189,0.311367,0.666667,82,59.764918,19.262904,79.027822,94.740228
483,2618511620373,2,605,213,0.352066,0.770833,77,61.785334,14.343448,76.128782,94.758645
484,2618601631581,2,603,207,0.343284,0.708333,79,61.321001,11.758909,73.079910,88.137649
485,2618691619915,2,605,199,0.328926,0.833333,62,61.372292,19.366571,80.738863,98.597475
486,2618781641331,2,603,203,0.336650,0.770833,131,58.183753,17.150197,75.333950,90.373689
487,2618871621707,2,608,188,0.309211,0.791667,93,60.406001,8.411578,68.817579,82.788944
488,2619051621165,2,604,201,0.332781,0.791667,67,59.863293,9.206578,69.069871,82.306028
489,2619141631373,2,605,212,0.350413,0.916667,124,64.417624,10.404284,74.821908,87.484858
490,2619231633707,2,608,201,0.330592,0.854167,100,61.371709,8.542369,69.914078,83.638985
491,2619321627082,2,610,195,0.319672,0.854167,80,63.642123,19.507154,83.149277,101.965973
492,2619411618082,2,605,201,0.332231,0.895833,72,64.269248,16.283031,80.552279,96.740976
493,2619501637582,2,607,186,0.306425,0.833333,65,64.933581,15.544906,80.478487,96.615351
494,2619591629249,2,605,187,0.309091,0.854167,136,62.963166,20.174695,83.137861,101.672806
495,2619681627707,2,607,176,0.289951,0.729167,87,59.814793,8.000745,67.815538,80.893570
496,2619861620207,2,604,184,0.304636,0.750000,126,60.262960,10.395993,70.658953,83.363278
497,2619951687957,2,608,162,0.266447,0.833333,78,63.813123,7.068162,70.881285,83.382944
498,2620041621374,2,605,172,0.284298,0.750000,71,59.820668,9.068411,68.889079,81.745779
499,2620131637332,2,607,166,0.273476,0.750000,65,68.744746,9.391535,78.136281,90.508397
500,2620221624874,2,605,188,0.310744,0.791667,63,60.880001,16.661114,77.541115,92.396813
501,2620311640082,2,605,169,0.279339,0.729167,114,69.699912,17.612321,87.312233,110.517926
502,2620401630624,2,607,165,0.271829,0.541667,86,61.479167,7.571411,69.050578,82.408361
503,2620581625082,2,606,155,0.255776,0.729167,66,56.232171,8.940869,65.173040,78.567155
504,2620671636791,2,607,175,0.288303,0.770833,48,64.234790,7.990994,72.225784,87.457691
505,2620761651041,2,606,166,0.273927,0.687500,53,64.477331,16.986614,81.463945,97.837518
506,2620851631874,2,605,155,0.256198,0.729167,52,58.070669,8.340494,66.411163,77.177907
507,2620941623624,2,603,175,0.290216,0.750000,49,63.649082,17.269196,80.918278,93.760645
508,2621031632124,2,604,165,0.273179,0.750000,53,64.031332,16.874572,80.905904,93.396645
509,2621121639458,2,607,179,0.294893,0.854167,48,61.938458,17.793238,79.731696,98.691100
510,2621211645708,2,602,171,0.284053,0.729167,124,58.873127,8.580828,67.453955,82.492277
511,2621391656083,2,603,198,0.328358,0.812500,70,64.551456,10.037577,74.589033,85.887317
512,2621481631791,2,603,183,0.303483,0.770833,70,67.317997,17.245739,84.563736,107.863343
513,2621571620333,2,603,180,0.298507,0.666667,66,60.969668,17.940654,78.910322,99.348266
514,2621661626333,2,603,175,0.290216,0.791667,66,59.187044,8.794744,67.981788,83.668694
515,2621751625875,2,606,197,0.325083,0.812500,49,65.390956,19.330654,84.721610,101.262349
516,2621841631291,2,601,178,0.296173,0.791667,50,60.351543,15.559281,75.910824,94.195478
517,2621931655958,2,606,174,0.287129,0.812500,42,58.112253,17.573780,75.686033,87.884024
518,2622111640666,2,606,168,0.277228,0.812500,50,65.404706,11.954492,77.359198,93.773395
519,2622201630208,2,607,176,0.289951,0.791667,47,63.095624,18.853737,81.949361,97.715100
520,2622291640458,2,604,180,0.298013,0.770833,48,57.929294,11.158868,69.088162,86.571608
521,2622381647208,2,606,200,0.330033,0.750000,43,59.136585,20.050820,79.187405,94.766061
522,2622471643583,2,603,191,0.316750,0.750000,119,64.586748,16.794488,81.381236,98.640975
523,2622561630375,2,608,164,0.269737,0.729167,72,59.666543,8.127869,67.794412,79.833362
524,2622651647333,2,603,191,0.316750,0.750000,66,61.335208,15.139365,76.474573,89.702815
525,2622831655292,2,606,174,0.287129,0.708333,55,65.653122,12.837991,78.491113,95.373019
526,2622921669083,2,606,177,0.292079,0.812500,54,61.950250,18.088696,80.038946,93.676978
527,2623011645375,2,605,168,0.277686,0.812500,57,69.243120,17.646072,86.889192,102.414556
528,2623101633667,2,605,156,0.257851,0.791667,56,61.793166,13.865865,75.659031,89.292857
529,2623191661334,2,602,150,0.249169,0.812500,48,64.581165,16.200615,80.781780,97.577767
530,2623281631334,2,603,149,0.247098,0.770833,53,59.394168,17.005197,76.399365,92.586229
531,2623371634875,2,605,145,0.239669,0.750000,46,65.553498,16.675280,82.228778,98.848267
532,2623551635167,2,603,156,0.258706,0.708333,44,63.058915,17.541155,80.600070,95.829352
533,2623641641667,2,604,161,0.266556,0.729167,123,62.322541,17.349405,79.671946,91.367188
534,2623731651167,2,602,179,0.297342,0.770833,84,58.374419,9.570160,67.944579,81.056862
535,2623821633917,2,607,182,0.299835,0.812500,66,63.582915,19.365654,82.948569,101.953348
536,2623911641001,2,602,174,0.289037,0.770833,50,61.784291,10.151660,71.935951,81.219529
537,2624001633542,2,604,173,0.286424,0.770833,49,69.095870,17.654405,86.750275,103.400971
538,2624091629584,2,603,178,0.295191,0.729167,52,61.380209,18.900988,80.281197,98.028392
539,2624181639501,2,605,192,0.317355,0.750000,55,57.123753,17.278989,74.402742,90.690772
540,2624361630126,2,607,185,0.304778,0.750000,131,63.631207,19.779778,83.410985,99.580975
541,2624451647501,2,609,174,0.285714,0.750000,89,64.452373,10.627618,75.079991,87.458357
542,2624541645709,2,604,192,0.317881,0.750000,79,57.904794,10.302743,68.207537,84.859276
543,2624631644334,2,604,180,0.298013,0.687500,70,61.942167,18.623154,80.565321,100.384974
544,2624721659501,2,607,179,0.294893,0.729167,60,56.799712,19.057737,75.857449,87.011442
545,2624811636001,2,605,190,0.314050,0.833333,58,63.286207,19.242903,82.529110,95.139519
546,2624901639459,2,610,190,0.311475,0.708333,127,60.788459,19.804112,80.592571,95.842185
547,2625081656834,2,605,181,0.299174,0.812500,136,57.352878,7.771745,65.124623,77.105823
548,2625171635501,2,608,188,0.309211,0.770833,168,55.237088,7.734078,62.971166,77.290823
549,2625261640835,2,605,189,0.312397,0.812500,119,55.175046,7.684328,62.859374,76.783656
550,2625351641793,2,606,178,0.293729,0.750000,99,61.126209,8.128745,69.254954,83.542485
551,2625441641585,2,606,173,0.285479,0.708333,154,63.183790,7.616661,70.800451,89.788481
552,2625531656460,2,603,152,0.252073,0.791667,100,61.932666,6.550453,68.483119,82.131319
553,2625621656418,2,601,183,0.304493,0.791667,97,61.855875,16.963614,78.819489,99.857808
554,2625801657043,2,605,163,0.269421,0.750000,156,64.877123,17.084405,81.961528,100.493765
555,2625891657293,2,604,171,0.283113,0.750000,163,64.394998,7.517203,71.912201,85.004651
556,2625981646377,2,602,165,0.274086,0.708333,129,55.202421,7.309829,62.512250,77.731114
557,2626071675085,2,604,158,0.261589,0.750000,113,62.043917,13.564949,75.608866,96.195185
558,2626161646085,2,604,174,0.288079,0.770833,177,66.445913,17.342697,83.788610,107.228970
559,2626251641335,2,605,172,0.284298,0.750000,120,60.220126,7.311787,67.531913,83.312027
560,2626341651877,2,605,168,0.277686,0.750000,172,59.800292,8.459619,68.259911,83.980693
561,2626521639835,2,606,167,0.275578,0.729167,104,64.880831,7.054245,71.935076,86.479067
562,2626611639794,2,606,161,0.265677,0.729167,175,57.898753,16.807488,74.706241,91.575396
563,2626701644294,2,605,146,0.241322,0.687500,99,57.404086,6.472954,63.877040,76.987989
564,2626791640169,2,605,180,0.297521,0.645833,195,55.606004,9.746535,65.352539,79.745862
565,2626881658669,2,601,184,0.306156,0.708333,207,60.495626,7.124953,67.620579,83.570444
566,2626971701210,2,603,178,0.295191,0.729167,190,56.108338,6.913287,63.021625,78.135988
567,2627061644377,2,604,178,0.294702,0.666667,200,53.540256,7.314912,60.855168,76.569323
568,2627151646044,2,603,179,0.296849,0.770833,201,56.278253,7.141620,63.419873,78.761572
569,2627331657961,2,603,188,0.311774,0.687500,200,56.867003,7.792537,64.659540,78.724321
570,2627421649586,2,604,157,0.259934,0.729167,192,57.004003,6.574913,63.578916,78.447864
571,2627511643836,2,604,170,0.281457,0.791667,209,54.147047,6.811912,60.958959,77.442281
572,2627601644627,2,604,185,0.306291,0.708333,210,54.672004,7.489078,62.161082,79.840488
573,2627691648711,2,606,172,0.283828,0.625000,214,56.469879,7.129203,63.599082,81.415694
574,2627781642669,2,603,168,0.278607,0.687500,201,58.655877,7.196787,65.852664,82.108944
575,2627871657877,2,603,157,0.260365,0.687500,202,56.651295,6.803162,63.454457,80.928445
576,2628051654086,2,605,195,0.322314,0.750000,229,53.450839,7.609161,61.060000,76.872281
577,2628141650503,2,604,183,0.302980,0.708333,218,53.977547,7.400120,61.377667,77.373822
578,2628231652586,2,607,193,0.317957,0.666667,223,49.579883,7.242870,56.822753,74.694158
579,2628321661336,2,605,171,0.282645,0.750000,211,58.286169,6.947203,65.233372,82.402570
580,2628411645336,2,604,167,0.276490,0.687500,209,52.657923,6.693412,59.351335,77.547615
581,2628501648336,2,602,192,0.318937,0.750000,228,49.858924,7.351745,57.210669,73.998991
582,2628591659169,2,602,183,0.303987,0.729167,218,54.914588,7.154912,62.069500,79.942071
583,2628681701545,2,607,189,0.311367,0.791667,213,53.805547,7.222411,61.027958,76.509614
584,2628861706711,2,604,194,0.321192,0.729167,217,58.263127,7.569745,65.832872,81.259403
585,2628951660586,2,603,185,0.306799,0.708333,219,54.254714,7.310537,61.565251,77.509406
586,2629041660378,2,604,191,0.316225,0.729167,219,57.391878,7.557870,64.949748,82.644486
587,2629131663836,2,605,193,0.319008,0.770833,226,52.044131,7.118162,59.162293,76.554906
588,2629221658295,2,606,189,0.311881,0.666667,219,50.549049,7.084787,57.633836,74.841157
589,2629311658045,2,606,194,0.320132,0.708333,230,55.020630,7.376037,62.396667,80.599529
590,2629401658545,2,604,200,0.331126,0.687500,226,51.466090,7.636328,59.102418,78.676197
591,2629581652920,2,605,194,0.320661,0.708333,218,52.239964,7.627870,59.867834,75.491657
592,2629671649212,2,606,183,0.301980,0.625000,212,53.474922,7.078620,60.553542,77.397323
593,2629761645670,2,604,197,0.326159,0.666667,241,52.279047,7.595578,59.874625,77.797864
594,2629851648878,2,606,198,0.326733,0.645833,221,52.458173,7.479328,59.937501,78.411405
595,2629941672212,2,604,206,0.341060,0.583333,248,50.804966,8.039203,58.844169,78.141197
596,2630031659837,2,604,209,0.346026,0.666667,253,53.771297,7.835537,61.606834,81.896986
597,2630121659212,2,604,200,0.331126,0.666667,246,52.417298,7.523662,59.940960,81.313570
598,2630301663504,2,601,211,0.351082,0.729167,235,51.745423,7.861412,59.606835,76.397823
599,2630391649170,2,605,208,0.343802,0.666667,241,53.032131,7.693411,60.725542,77.523447
600,2630481650920,2,605,182,0.300826,0.666667,230,55.578379,6.958911,62.537290,82.282819
601,2630571658754,2,605,190,0.314050,0.687500,230,53.714547,7.335037,61.049584,78.681322
602,2630661646087,2,607,194,0.319605,0.729167,241,52.270131,7.995203,60.265334,77.888281
603,2630751652921,2,605,199,0.328926,0.541667,233,56.842087,7.964786,64.806873,83.560610
604,2630841660129,2,604,174,0.288079,0.604167,224,53.915755,7.376412,61.292167,79.224321
605,2631021661712,2,604,198,0.327815,0.708333,208,56.266253,7.780787,64.047040,77.716239
606,2631111662046,2,608,187,0.307566,0.625000,221,52.733422,7.598286,60.331708,75.217741
607,2631201652379,2,602,189,0.313953,0.625000,223,56.373295,7.354912,63.728207,83.348818
608,2631291681087,2,603,162,0.268657,0.583333,206,53.077381,6.830996,59.908377,76.465906
609,2631381661462,2,602,186,0.308970,0.666667,209,56.775212,7.480079,64.255291,79.668321
610,2631471649421,2,603,202,0.334992,0.687500,247,52.454298,8.460036,60.914334,78.782072
611,2631561670921,2,602,241,0.400332,0.854167,279,53.058839,8.954160,62.012999,83.689276
612,2631741663629,2,602,198,0.328904,0.708333,174,54.768046,8.003620,62.771666,84.975234
613,2631831705629,2,600,234,0.390000,0.833333,167,53.685880,9.074369,62.760249,82.827153
614,2631921652879,2,602,238,0.395349,0.708333,172,53.211297,9.364536,62.575833,81.889819
615,2632011665129,2,605,252,0.416529,0.770833,172,55.074713,11.593783,66.668496,90.666689
616,2632101658963,2,605,234,0.386777,0.791667,176,54.316797,11.460701,65.777498,92.297479
617,2632191665130,2,602,216,0.358804,0.770833,173,54.945130,10.930160,65.875290,89.349106
618,2632281661380,2,603,242,0.401327,0.729167,177,53.871338,10.723201,64.594539,89.114898
619,2632371665588,2,601,233,0.387687,0.729167,168,57.409170,11.426617,68.835787,92.958520
620,2632551758046,2,606,222,0.366337,0.750000,278,53.663630,10.155535,63.819165,87.713565
621,2632641665630,2,601,228,0.379368,0.750000,240,54.686922,8.463994,63.150916,91.351855
622,2632731672921,2,601,234,0.389351,0.770833,238,53.721046,8.614286,62.335332,89.380356
623,2632821655546,2,607,231,0.380560,0.770833,238,50.521591,9.421494,59.943085,91.866812
624,2632911660088,2,604,218,0.360927,0.770833,224,53.063714,10.381409,63.445123,93.679061
625,2633001657463,2,603,228,0.378109,0.812500,231,55.033962,11.297993,66.331955,95.772310
626,2633091671880,2,601,219,0.364393,0.791667,216,56.061462,10.832034,66.893496,96.613434
627,2633271667213,2,602,220,0.365449,0.750000,220,57.568294,10.702285,68.270579,96.775518
628,2633361657505,2,601,225,0.374376,0.770833,230,57.078837,11.366742,68.445579,97.183392
629,2633451652755,2,603,224,0.371476,0.770833,226,55.129546,11.006867,66.136413,94.977103
630,2633541655214,2,602,219,0.363787,0.708333,220,54.707630,11.216784,65.924414,94.919478
631,2633631673172,2,601,242,0.402662,0.791667,217,56.183129,10.640035,66.823164,94.843102
632,2633721656005,2,602,228,0.378738,0.812500,223,57.510711,10.504618,68.015329,97.381476
633,2633811667589,2,603,235,0.389718,0.791667,220,56.976878,9.831785,66.808663,96.395684
634,2633991657505,2,605,249,0.411570,0.791667,215,53.065256,11.705367,64.770623,93.125854
635,2634081656547,2,602,244,0.405316,0.750000,226,54.362713,11.647409,66.010122,94.136227
636,2634171664547,2,601,242,0.402662,0.750000,221,55.403587,11.113743,66.517330,97.938850
637,2634261658631,2,600,230,0.383333,0.791667,220,54.707588,10.813701,65.521289,93.660061
638,2634351678589,2,605,238,0.393388,0.770833,221,54.583963,11.512200,66.096163,94.886894
639,2634441655214,2,604,244,0.403974,0.750000,230,57.659628,11.584075,69.243703,100.676681
640,2634531667381,2,601,220,0.366057,0.770833,212,54.542379,9.978452,64.520831,93.508228
641,2634621663297,2,602,234,0.388704,0.750000,232,53.764506,10.420826,64.185332,92.443854
642,2634801696714,2,601,239,0.397671,0.770833,218,54.611129,11.211617,65.822746,97.909684
643,2634891687131,2,605,240,0.396694,0.770833,219,53.064214,11.187409,64.251623,94.883810
