frame_index,stamp_ns,tracking_state,method,pair_type,extract_a_ms,extract_b_ms,preprocess_a_ms,preprocess_b_ms,bpu_queue_a_ms,bpu_queue_b_ms,bpu_a_ms,bpu_b_ms,postprocess_a_ms,postprocess_b_ms,keypoints_a,keypoints_b,extraction_wall_ms,match_ms,geometry_ms,end_to_end_pair_ms,matches,ransac_inliers,strict_inliers,strict_inlier_ratio,strict_grid_coverage,median_vertical_error_px,median_disparity_px,fine_total_ms,fine_preprocess_ms,fine_bpu_queue_ms,fine_bpu_ms,fine_postprocess_ms,photometric_inliers,photometric_inlier_ratio,photometric_grid_coverage,patch_ncc_median,patch_ncc_p10,photometric_ms
0,2569011476808,-1,xfeat_star_coarse,stereo,39.346725,22.407712,4.909616,4.866492,16.014515,0.000750,16.717139,15.993389,1.705205,1.546831,600,600,39.598183,6.903280,5.112908,51.614371,384,384,384,1.000000,0.562500,0.000000,0.000000,0.000000,0.000000,0.000000,0.000000,0.000000,264,0.687500,0.520833,0.703128,0.114901,33.405360
0,2569011476808,-1,xfeat_star_fine,stereo,39.346725,22.407712,4.909616,4.866492,16.014515,0.000750,16.717139,15.993389,1.705205,1.546831,600,600,39.598183,6.903280,0.327707,58.599233,380,380,379,0.997368,0.541667,0.000000,1.265411,11.770063,0.907206,0.003041,9.624317,1.234915,304,0.800000,0.500000,0.862951,0.268161,14.831975
0,2569011476808,-1,orb_cpu,stereo,63.812226,67.394845,0.000000,0.000000,0.000000,0.000000,0.000000,0.000000,0.000000,0.000000,599,600,67.651594,22.132796,4.407993,94.192383,379,333,332,0.875989,0.354167,0.000000,1.727997,0.000000,0.000000,0.000000,0.000000,0.000000,318,0.839050,0.354167,0.929630,0.575860,7.416362
1,2569101470849,-1,xfeat_star_coarse,stereo,21.955254,38.964768,4.485909,5.643866,0.000833,14.815183,16.019223,17.116763,1.449081,1.388331,600,600,39.289392,3.850119,1.294623,44.434134,384,377,377,0.981771,0.520833,0.000000,0.000000,0.000000,0.000000,0.000000,0.000000,0.000000,259,0.674479,0.500000,0.688048,0.076259,14.572767
1,2569101470849,-1,xfeat_star_fine,stereo,21.955254,38.964768,4.485909,5.643866,0.000833,14.815183,16.019223,17.116763,1.449081,1.388331,600,600,39.289392,3.850119,0.320041,54.399951,378,378,377,0.997354,0.562500,0.000000,1.263351,10.940399,0.377458,0.000791,9.317318,1.244540,296,0.783069,0.541667,0.842310,0.230836,14.242059
1,2569101470849,-1,orb_cpu,stereo,67.825094,61.144022,0.000000,0.000000,0.000000,0.000000,0.000000,0.000000,0.000000,0.000000,600,598,68.072177,19.340051,2.159871,89.572099,386,342,341,0.883420,0.333333,0.000000,1.728003,0.000000,0.000000,0.000000,0.000000,0.000000,322,0.834197,0.312500,0.934296,0.577358,7.270654
1,2569101470849,-1,xfeat_guided,temporal,39.346725,21.955254,4.909616,4.485909,16.014515,0.000833,16.717139,16.019223,1.705205,1.449081,600,600,61.301979,4.966033,0.424083,66.692095,384,384,384,1.000000,0.562500,0.000000,nan,0.000000,0.000000,0.000000,0.000000,0.000000,0,0.000000,0.000000,nan,nan,0.000000
1,2569101470849,-1,orb_cpu,temporal,63.812226,67.825094,0.000000,0.000000,0.000000,0.000000,0.000000,0.000000,0.000000,0.000000,599,600,131.637320,10.115566,0.687041,142.439927,519,517,517,0.996146,0.375000,0.000000,nan,0.000000,0.000000,0.000000,0.000000,0.000000,0,0.000000,0.000000,nan,nan,0.000000
10,2570001461725,-1,xfeat_star_coarse,stereo,21.146089,37.713186,3.841993,3.804369,0.000792,15.888890,15.870390,16.588097,1.432664,1.431622,600,600,38.014769,2.113247,0.373083,40.501099,384,384,384,1.000000,0.583333,0.000000,0.000000,0.000000,0.000000,0.000000,0.000000,0.000000,268,0.697917,0.520833,0.700478,0.149648,7.477529
10,2570001461725,-1,xfeat_star_fine,stereo,21.146089,37.713186,3.841993,3.804369,0.000792,15.888890,15.870390,16.588097,1.432664,1.431622,600,600,38.014769,2.113247,0.316958,51.309081,379,379,379,1.000000,0.583333,0.000000,1.263786,10.864107,0.286042,0.000625,9.308860,1.268414,304,0.802111,0.520833,0.864376,0.267546,10.285441
10,2570001461725,-1,orb_cpu,stereo,64.659141,66.878220,0.000000,0.000000,0.000000,0.000000,0.000000,0.000000,0.000000,0.000000,599,600,67.318053,18.064553,2.027580,87.410186,371,333,331,0.892183,0.312500,0.000000,1.727997,0.000000,0.000000,0.000000,0.000000,0.000000,316,0.851752,0.312500,0.935809,0.614560,6.970447
11,2570181473058,-1,xfeat_star_coarse,stereo,22.733295,39.943849,4.643367,4.599826,0.000667,16.688556,16.663514,17.389387,1.425414,1.265664,600,600,40.230766,1.838872,0.619374,42.689012,384,384,384,1.000000,0.562500,0.000000,0.000000,0.000000,0.000000,0.000000,0.000000,0.000000,264,0.687500,0.541667,0.689166,0.134168,7.263196
11,2570181473058,-1,xfeat_star_fine,stereo,22.733295,39.943849,4.643367,4.599826,0.000667,16.688556,16.663514,17.389387,1.425414,1.265664,600,600,40.230766,1.838872,0.314416,53.660744,379,379,378,0.997361,0.541667,0.000000,1.296392,11.276690,0.286667,0.000500,9.748984,1.240373,306,0.807388,0.520833,0.842256,0.252590,5.878407
11,2570181473058,-1,orb_cpu,stereo,65.528057,67.503470,0.000000,0.000000,0.000000,0.000000,0.000000,0.000000,0.000000,0.000000,600,600,67.745302,14.925808,2.569579,85.240689,371,322,320,0.862534,0.312500,0.000000,1.727997,0.000000,0.000000,0.000000,0.000000,0.000000,305,0.822102,0.291667,0.938222,0.607757,6.989155
11,2570181473058,-1,xfeat_guided,temporal,21.146089,22.733295,3.841993,4.643367,0.000792,0.000667,15.870390,16.663514,1.432664,1.425414,600,600,43.879384,5.112242,0.308083,49.299709,384,384,384,1.000000,0.541667,0.000000,nan,0.000000,0.000000,0.000000,0.000000,0.000000,0,0.000000,0.000000,nan,nan,0.000000
11,2570181473058,-1,orb_cpu,temporal,64.659141,65.528057,0.000000,0.000000,0.000000,0.000000,0.000000,0.000000,0.000000,0.000000,599,600,130.187198,10.001191,0.595999,140.784388,521,517,517,0.992322,0.375000,0.000000,nan,0.000000,0.000000,0.000000,0.000000,0.000000,0,0.000000,0.000000,nan,nan,0.000000
20,2571081465434,-1,xfeat_star_coarse,stereo,22.873586,38.922310,3.980576,3.990369,0.000791,17.616262,17.639096,15.861057,1.252914,1.454539,600,600,39.207226,4.693367,2.029746,45.930339,384,384,384,1.000000,0.500000,0.000000,0.000000,0.000000,0.000000,0.000000,0.000000,0.000000,278,0.723958,0.458333,0.725846,0.204708,21.623881
20,2571081465434,-1,xfeat_star_fine,stereo,22.873586,38.922310,3.980576,3.990369,0.000791,17.616262,17.639096,15.861057,1.252914,1.454539,600,600,39.207226,4.693367,0.520916,56.477280,382,382,382,1.000000,0.500000,0.000000,1.247501,12.055771,0.367874,0.000791,10.414733,1.272039,321,0.840314,0.500000,0.870982,0.328636,14.678892
20,2571081465434,-1,orb_cpu,stereo,65.129723,67.255470,0.000000,0.000000,0.000000,0.000000,0.000000,0.000000,0.000000,0.000000,600,599,67.527969,11.867230,1.271123,80.666322,395,361,361,0.913924,0.333333,0.000000,1.727997,0.000000,0.000000,0.000000,0.000000,0.000000,345,0.873418,0.333333,0.936223,0.642194,6.041114
21,2571171462517,-1,xfeat_star_coarse,stereo,39.071893,23.041002,4.651534,4.613117,17.156596,0.001000,15.843932,17.136054,1.419539,1.290706,600,600,39.363433,2.243080,0.553916,42.160429,384,384,384,1.000000,0.541667,0.000000,0.000000,0.000000,0.000000,0.000000,0.000000,0.000000,281,0.731771,0.500000,0.724615,0.232412,7.605862
21,2571171462517,-1,xfeat_star_fine,stereo,39.071893,23.041002,4.651534,4.613117,17.156596,0.001000,15.843932,17.136054,1.419539,1.290706,600,600,39.363433,2.243080,0.326583,52.917869,381,381,380,0.997375,0.520833,0.000000,1.255005,10.984773,0.283374,0.000750,9.446192,1.254290,321,0.842520,0.500000,0.879463,0.385358,6.687614
21,2571171462517,-1,orb_cpu,stereo,64.879558,65.999097,0.000000,0.000000,0.000000,0.000000,0.000000,0.000000,0.000000,0.000000,599,600,66.254388,10.135317,2.336163,78.725868,403,357,356,0.883375,0.333333,0.000000,1.440002,0.000000,0.000000,0.000000,0.000000,0.000000,338,0.838710,0.333333,0.934257,0.557285,7.578987
21,2571171462517,-1,xfeat_guided,temporal,22.873586,39.071893,3.980576,4.651534,0.000791,17.156596,17.639096,15.843932,1.252914,1.419539,600,600,61.945479,5.251908,0.305207,67.502594,384,384,384,1.000000,0.541667,0.000000,nan,0.000000,0.000000,0.000000,0.000000,0.000000,0,0.000000,0.000000,nan,nan,0.000000
21,2571171462517,-1,orb_cpu,temporal,65.129723,64.879558,0.000000,0.000000,0.000000,0.000000,0.000000,0.000000,0.000000,0.000000,600,599,130.009281,10.013941,0.698832,140.722054,526,525,525,0.998099,0.354167,0.000000,nan,0.000000,0.000000,0.000000,0.000000,0.000000,0,0.000000,0.000000,nan,nan,0.000000
30,2572071470309,1,xfeat_star_coarse,stereo,40.085557,22.784919,4.770617,4.699950,16.662097,0.000750,17.392346,16.667597,1.260331,1.416247,600,600,40.331932,2.044371,0.403750,42.780053,384,384,384,1.000000,0.500000,0.000000,0.000000,0.000000,0.000000,0.000000,0.000000,0.000000,281,0.731771,0.458333,0.750847,0.233407,7.121238
30,2572071470309,1,xfeat_star_fine,stereo,40.085557,22.784919,4.770617,4.699950,16.662097,0.000750,17.392346,16.667597,1.260331,1.416247,600,600,40.331932,2.044371,0.314458,53.974409,381,381,381,1.000000,0.500000,0.000000,1.231964,11.283648,0.238500,0.000625,9.787734,1.256664,322,0.845144,0.479167,0.880908,0.399486,5.908657
30,2572071470309,1,orb_cpu,stereo,64.381766,66.084139,0.000000,0.000000,0.000000,0.000000,0.000000,0.000000,0.000000,0.000000,600,600,66.517347,14.888059,2.275163,83.680569,395,353,352,0.891139,0.333333,0.000000,1.727997,0.000000,0.000000,0.000000,0.000000,0.000000,333,0.843038,0.333333,0.933896,0.573164,7.449446
31,2572161479393,1,xfeat_star_coarse,stereo,22.494045,38.479560,4.145743,4.113993,0.000833,17.080846,17.068096,15.874390,1.278956,1.410164,600,600,38.755685,2.381871,1.236873,42.374429,384,382,382,0.994792,0.479167,0.000000,0.000000,0.000000,0.000000,0.000000,0.000000,0.000000,287,0.747396,0.458333,0.742392,0.223379,7.432488
31,2572161479393,1,xfeat_star_fine,stereo,22.494045,38.479560,4.145743,4.113993,0.000833,17.080846,17.068096,15.874390,1.278956,1.410164,600,600,38.755685,2.381871,0.322666,52.267246,384,384,383,0.997396,0.479167,0.000000,1.232971,10.807024,0.279042,0.000500,9.290443,1.236831,325,0.846354,0.458333,0.883448,0.361147,14.654517
31,2572161479393,1,orb_cpu,stereo,61.378188,63.577726,0.000000,0.000000,0.000000,0.000000,0.000000,0.000000,0.000000,0.000000,600,600,63.874601,12.861437,2.265746,79.001784,411,365,364,0.885645,0.333333,0.000000,1.727997,0.000000,0.000000,0.000000,0.000000,0.000000,347,0.844282,0.333333,0.932741,0.609955,7.802695
31,2572161479393,1,xfeat_guided,temporal,40.085557,22.494045,4.770617,4.145743,16.662097,0.000833,17.392346,17.068096,1.260331,1.278956,600,600,62.579602,5.275741,0.307958,68.163301,384,384,384,1.000000,0.500000,0.000000,nan,0.000000,0.000000,0.000000,0.000000,0.000000,0,0.000000,0.000000,nan,nan,0.000000
31,2572161479393,1,orb_cpu,temporal,64.381766,61.378188,0.000000,0.000000,0.000000,0.000000,0.000000,0.000000,0.000000,0.000000,600,600,125.759954,10.125983,1.115081,137.001018,546,540,540,0.989011,0.354167,0.000000,nan,0.000000,0.000000,0.000000,0.000000,0.000000,0,0.000000,0.000000,nan,nan,0.000000
40,2573151513851,1,xfeat_star_coarse,stereo,22.806670,38.719435,4.744701,4.632575,0.000750,16.849888,16.839221,15.865932,1.221748,1.370873,600,600,39.240934,8.712152,3.111495,51.064581,384,384,384,1.000000,0.458333,0.000000,0.000000,0.000000,0.000000,0.000000,0.000000,0.000000,283,0.736979,0.437500,0.737422,0.244419,28.713077
40,2573151513851,1,xfeat_star_fine,stereo,22.806670,38.719435,4.744701,4.632575,0.000750,16.849888,16.839221,15.865932,1.221748,1.370873,600,600,39.240934,8.712152,0.311291,59.487483,380,380,379,0.997368,0.458333,0.000000,1.244324,11.223106,0.563332,0.001291,9.399651,1.258248,326,0.857895,0.458333,0.882143,0.425602,17.147513
40,2573151513851,1,orb_cpu,stereo,67.993844,62.122312,0.000000,0.000000,0.000000,0.000000,0.000000,0.000000,0.000000,0.000000,600,600,68.266302,21.830505,4.839866,94.936673,407,354,353,0.867322,0.333333,0.000000,1.520004,0.000000,0.000000,0.000000,0.000000,0.000000,338,0.830467,0.333333,0.935424,0.588273,12.112480
41,2573241482810,1,xfeat_star_coarse,stereo,21.606630,37.592311,4.658659,4.611117,0.000709,15.751515,15.727473,15.868557,1.219581,1.360872,600,600,38.054311,1.950955,0.761623,40.766889,384,384,384,1.000000,0.500000,0.000000,0.000000,0.000000,0.000000,0.000000,0.000000,0.000000,278,0.723958,0.458333,0.740169,0.202916,13.246561
41,2573241482810,1,xfeat_star_fine,stereo,21.606630,37.592311,4.658659,4.611117,0.000709,15.751515,15.727473,15.868557,1.219581,1.360872,600,600,38.054311,1.950955,0.320041,51.242830,382,382,381,0.997382,0.479167,0.000000,1.231262,10.917523,0.350457,0.000667,9.319401,1.246706,325,0.850785,0.458333,0.883001,0.427322,13.003311
41,2573241482810,1,orb_cpu,stereo,64.179642,64.127475,0.000000,0.000000,0.000000,0.000000,0.000000,0.000000,0.000000,0.000000,600,600,64.405350,20.067466,4.143618,88.616434,404,354,354,0.876238,0.333333,0.000000,1.440002,0.000000,0.000000,0.000000,0.000000,0.000000,338,0.836634,0.333333,0.934649,0.617072,7.584362
41,2573241482810,1,xfeat_guided,temporal,22.806670,21.606630,4.744701,4.658659,0.000750,0.000709,16.839221,15.727473,1.221748,1.219581,600,600,44.413300,5.135991,0.435499,49.984790,384,384,384,1.000000,0.479167,0.000000,nan,0.000000,0.000000,0.000000,0.000000,0.000000,0,0.000000,0.000000,nan,nan,0.000000
41,2573241482810,1,orb_cpu,temporal,67.993844,64.179642,0.000000,0.000000,0.000000,0.000000,0.000000,0.000000,0.000000,0.000000,600,600,132.173486,10.721149,0.824915,143.719550,526,520,520,0.988593,0.354167,0.000000,nan,0.000000,0.000000,0.000000,0.000000,0.000000,0,0.000000,0.000000,nan,nan,0.000000
