frame_index,stamp_ns,tracking_state,method,pair_type,extract_a_ms,extract_b_ms,preprocess_a_ms,preprocess_b_ms,bpu_queue_a_ms,bpu_queue_b_ms,bpu_a_ms,bpu_b_ms,postprocess_a_ms,postprocess_b_ms,keypoints_a,keypoints_b,extraction_wall_ms,match_ms,geometry_ms,end_to_end_pair_ms,matches,ransac_inliers,strict_inliers,strict_inlier_ratio,strict_grid_coverage,median_vertical_error_px,median_disparity_px,fine_total_ms,fine_preprocess_ms,fine_bpu_queue_ms,fine_bpu_ms,fine_postprocess_ms
0,2569011476808,-1,xfeat_star_coarse,stereo,23.109491,39.724539,5.057739,5.008906,0.001084,16.269590,16.251256,16.979671,1.799079,1.466122,600,600,40.026455,1.728621,10.305561,52.060637,384,384,384,1.000000,0.562500,0.000000,0.000000,0.000000,0.000000,0.000000,0.000000,0.000000
0,2569011476808,-1,xfeat_star_fine,stereo,23.109491,39.724539,5.057739,5.008906,0.001084,16.269590,16.251256,16.979671,1.799079,1.466122,600,600,40.026455,1.728621,0.321416,54.318715,380,380,379,0.997368,0.541667,0.000000,1.265411,12.242223,0.949581,0.001250,10.032437,1.258247
0,2569011476808,-1,orb_cpu,stereo,64.774485,67.368562,0.000000,0.000000,0.000000,0.000000,0.000000,0.000000,0.000000,0.000000,599,600,67.667770,26.847109,4.412116,98.926995,379,333,332,0.875989,0.354167,0.000000,1.727997,0.000000,0.000000,0.000000,0.000000,0.000000
1,2569101470849,-1,xfeat_star_coarse,stereo,22.952451,39.213956,4.494241,5.776696,0.000792,15.868008,17.217629,15.978548,1.239248,1.590288,600,600,39.637205,3.982283,1.246081,44.865569,384,377,377,0.981771,0.520833,0.000000,0.000000,0.000000,0.000000,0.000000,0.000000,0.000000
1,2569101470849,-1,xfeat_star_fine,stereo,22.952451,39.213956,4.494241,5.776696,0.000792,15.868008,17.217629,15.978548,1.239248,1.590288,600,600,39.637205,3.982283,0.316375,57.563125,378,378,377,0.997354,0.562500,0.000000,1.263351,13.627262,0.396207,0.001041,11.959183,1.270497
1,2569101470849,-1,orb_cpu,stereo,67.454395,61.774824,0.000000,0.000000,0.000000,0.000000,0.000000,0.000000,0.000000,0.000000,600,598,67.779353,15.649132,4.281449,87.709934,386,342,341,0.883420,0.333333,0.000000,1.728003,0.000000,0.000000,0.000000,0.000000,0.000000
1,2569101470849,-1,xfeat_guided,temporal,23.109491,22.952451,5.057739,4.494241,0.001084,0.000792,16.251256,17.217629,1.799079,1.239248,600,600,46.061942,9.260605,0.746498,56.069045,384,384,384,1.000000,0.562500,0.000000,nan,0.000000,0.000000,0.000000,0.000000,0.000000
1,2569101470849,-1,orb_cpu,temporal,64.774485,67.454395,0.000000,0.000000,0.000000,0.000000,0.000000,0.000000,0.000000,0.000000,599,600,132.228880,14.528427,0.702457,147.459764,519,517,517,0.996146,0.375000,0.000000,nan,0.000000,0.000000,0.000000,0.000000,0.000000
10,2570001461725,-1,xfeat_star_coarse,stereo,31.656098,47.508397,12.200265,12.016724,0.001125,18.138711,18.120502,15.884507,1.333872,1.468122,600,600,48.172437,2.198954,0.382541,50.753932,384,384,384,1.000000,0.583333,0.000000,0.000000,0.000000,0.000000,0.000000,0.000000,0.000000
10,2570001461725,-1,xfeat_star_fine,stereo,31.656098,47.508397,12.200265,12.016724,0.001125,18.138711,18.120502,15.884507,1.333872,1.468122,600,600,48.172437,2.198954,0.319749,61.914740,379,379,379,1.000000,0.583333,0.000000,1.263786,11.223600,0.269916,0.001000,9.725063,1.227455
10,2570001461725,-1,orb_cpu,stereo,63.174405,64.493485,0.000000,0.000000,0.000000,0.000000,0.000000,0.000000,0.000000,0.000000,599,600,65.002234,9.148272,2.041120,76.191626,371,333,331,0.892183,0.312500,0.000000,1.727997,0.000000,0.000000,0.000000,0.000000,0.000000
11,2570181473058,-1,xfeat_star_coarse,stereo,22.511743,38.477000,4.150408,4.117241,0.000958,17.062172,17.043380,15.860590,1.316664,1.436789,600,600,38.747083,2.139787,0.749915,41.636785,384,384,384,1.000000,0.562500,0.000000,0.000000,0.000000,0.000000,0.000000,0.000000,0.000000
11,2570181473058,-1,xfeat_star_fine,stereo,22.511743,38.477000,4.150408,4.117241,0.000958,17.062172,17.043380,15.860590,1.316664,1.436789,600,600,38.747083,2.139787,0.364290,52.097970,379,379,378,0.997361,0.541667,0.000000,1.296392,10.846810,0.215749,0.000583,9.356813,1.273498
11,2570181473058,-1,orb_cpu,stereo,60.723868,62.183365,0.000000,0.000000,0.000000,0.000000,0.000000,0.000000,0.000000,0.000000,600,600,62.445198,10.546769,2.551036,75.543003,371,322,320,0.862534,0.312500,0.000000,1.727997,0.000000,0.000000,0.000000,0.000000,0.000000
11,2570181473058,-1,xfeat_guided,temporal,31.656098,22.511743,12.200265,4.150408,0.001125,0.000958,18.120502,17.043380,1.333872,1.316664,600,600,54.167841,5.225031,0.304333,59.697205,384,384,384,1.000000,0.541667,0.000000,nan,0.000000,0.000000,0.000000,0.000000,0.000000
11,2570181473058,-1,orb_cpu,temporal,63.174405,60.723868,0.000000,0.000000,0.000000,0.000000,0.000000,0.000000,0.000000,0.000000,599,600,123.898273,10.056020,0.608832,134.563125,521,517,517,0.992322,0.375000,0.000000,nan,0.000000,0.000000,0.000000,0.000000,0.000000
20,2571081465434,-1,xfeat_star_coarse,stereo,38.004876,21.196371,3.954075,3.919659,15.869090,0.000917,16.918588,15.847424,1.262914,1.428163,600,600,38.257959,2.258495,2.041162,42.557616,384,384,384,1.000000,0.500000,0.000000,0.000000,0.000000,0.000000,0.000000,0.000000,0.000000
20,2571081465434,-1,xfeat_star_fine,stereo,38.004876,21.196371,3.954075,3.919659,15.869090,0.000917,16.918588,15.847424,1.262914,1.428163,600,600,38.257959,2.258495,0.312624,56.983252,382,382,382,1.000000,0.500000,0.000000,1.247501,16.154174,0.528541,0.001416,14.394969,1.228623
20,2571081465434,-1,orb_cpu,stereo,64.279861,67.138563,0.000000,0.000000,0.000000,0.000000,0.000000,0.000000,0.000000,0.000000,600,599,67.407187,19.862123,3.053369,90.322679,395,361,361,0.913924,0.333333,0.000000,1.727997,0.000000,0.000000,0.000000,0.000000,0.000000
21,2571171462517,-1,xfeat_star_coarse,stereo,22.928700,38.994207,4.686157,4.610573,0.001042,17.029463,17.012546,15.933549,1.228789,1.420330,600,600,39.379123,4.207658,1.037123,44.623904,384,384,384,1.000000,0.541667,0.000000,0.000000,0.000000,0.000000,0.000000,0.000000,0.000000
21,2571171462517,-1,xfeat_star_fine,stereo,22.928700,38.994207,4.686157,4.610573,0.001042,17.029463,17.012546,15.933549,1.228789,1.420330,600,600,39.379123,4.207658,0.319041,57.441876,381,381,380,0.997375,0.520833,0.000000,1.255005,13.536054,0.326541,0.000958,11.934350,1.273872
21,2571171462517,-1,orb_cpu,stereo,68.141228,63.507112,0.000000,0.000000,0.000000,0.000000,0.000000,0.000000,0.000000,0.000000,599,600,68.406727,15.278717,4.504824,88.190268,403,357,356,0.883375,0.333333,0.000000,1.440002,0.000000,0.000000,0.000000,0.000000,0.000000
21,2571171462517,-1,xfeat_guided,temporal,38.004876,22.928700,3.954075,4.686157,15.869090,0.001042,16.918588,17.012546,1.262914,1.228789,600,600,60.933576,16.391548,0.619082,77.944206,384,384,384,1.000000,0.541667,0.000000,nan,0.000000,0.000000,0.000000,0.000000,0.000000
21,2571171462517,-1,orb_cpu,temporal,64.279861,68.141228,0.000000,0.000000,0.000000,0.000000,0.000000,0.000000,0.000000,0.000000,600,599,132.421089,11.125767,0.681957,144.228813,526,525,525,0.998099,0.354167,0.000000,nan,0.000000,0.000000,0.000000,0.000000,0.000000
30,2572071470309,1,xfeat_star_coarse,stereo,22.450868,38.495333,4.429573,4.390032,0.001041,16.799089,16.780964,15.877216,1.239081,1.428746,600,600,38.782833,2.453994,0.511833,41.748660,384,384,384,1.000000,0.500000,0.000000,0.000000,0.000000,0.000000,0.000000,0.000000,0.000000
30,2572071470309,1,xfeat_star_fine,stereo,22.450868,38.495333,4.429573,4.390032,0.001041,16.799089,16.780964,15.877216,1.239081,1.428746,600,600,38.782833,2.453994,0.305374,52.531178,381,381,381,1.000000,0.500000,0.000000,1.231964,10.988977,0.217667,0.000667,9.530646,1.239831
30,2572071470309,1,orb_cpu,stereo,64.870443,65.815441,0.000000,0.000000,0.000000,0.000000,0.000000,0.000000,0.000000,0.000000,600,600,66.282273,10.385644,2.263662,78.931579,395,353,352,0.891139,0.333333,0.000000,1.727997,0.000000,0.000000,0.000000,0.000000,0.000000
31,2572161479393,1,xfeat_star_coarse,stereo,26.646068,43.508448,8.692815,8.626315,0.001333,16.519131,16.547673,17.140213,1.403664,1.222414,600,600,43.884405,2.074287,1.171831,47.130523,384,382,382,0.994792,0.479167,0.000000,0.000000,0.000000,0.000000,0.000000,0.000000,0.000000
31,2572161479393,1,xfeat_star_fine,stereo,26.646068,43.508448,8.692815,8.626315,0.001333,16.519131,16.547673,17.140213,1.403664,1.222414,600,600,43.884405,2.074287,0.244708,57.379168,384,384,383,0.997396,0.479167,0.000000,1.232971,11.175768,0.213666,0.000500,9.732313,1.229164
31,2572161479393,1,orb_cpu,stereo,63.843278,64.646318,0.000000,0.000000,0.000000,0.000000,0.000000,0.000000,0.000000,0.000000,600,600,64.930359,8.220732,2.265162,75.416253,411,365,364,0.885645,0.333333,0.000000,1.727997,0.000000,0.000000,0.000000,0.000000,0.000000
31,2572161479393,1,xfeat_guided,temporal,22.450868,26.646068,4.429573,8.692815,0.001041,0.001333,16.780964,16.547673,1.239081,1.403664,600,600,49.096936,5.392113,0.298916,54.787965,384,384,384,1.000000,0.500000,0.000000,nan,0.000000,0.000000,0.000000,0.000000,0.000000
31,2572161479393,1,orb_cpu,temporal,64.870443,63.843278,0.000000,0.000000,0.000000,0.000000,0.000000,0.000000,0.000000,0.000000,600,600,128.713721,10.052395,1.108956,139.875072,546,540,540,0.989011,0.354167,0.000000,nan,0.000000,0.000000,0.000000,0.000000,0.000000
40,2573151513851,1,xfeat_star_coarse,stereo,22.897575,40.207913,4.735948,4.668824,0.001083,16.823005,16.769714,17.482921,1.390622,1.232955,600,600,40.671953,2.089079,0.685041,43.446073,384,384,384,1.000000,0.458333,0.000000,0.000000,0.000000,0.000000,0.000000,0.000000,0.000000
40,2573151513851,1,xfeat_star_fine,stereo,22.897575,40.207913,4.735948,4.668824,0.001083,16.823005,16.769714,17.482921,1.390622,1.232955,600,600,40.671953,2.089079,1.201873,61.977241,380,380,379,0.997368,0.458333,0.000000,1.244324,18.014336,0.188041,0.000584,11.898141,5.927445
40,2573151513851,1,orb_cpu,stereo,63.997528,65.532233,0.000000,0.000000,0.000000,0.000000,0.000000,0.000000,0.000000,0.000000,600,600,65.797691,20.232665,4.749239,90.779595,407,354,353,0.867322,0.333333,0.000000,1.520004,0.000000,0.000000,0.000000,0.000000,0.000000
41,2573241482810,1,xfeat_star_coarse,stereo,22.778909,38.929582,4.684281,4.609282,0.000792,16.878672,16.863630,15.956007,1.229998,1.485455,600,600,39.391248,1.955663,0.767957,42.114868,384,384,384,1.000000,0.500000,0.000000,0.000000,0.000000,0.000000,0.000000,0.000000,0.000000
41,2573241482810,1,xfeat_star_fine,stereo,22.778909,38.929582,4.684281,4.609282,0.000792,16.878672,16.863630,15.956007,1.229998,1.485455,600,600,39.391248,1.955663,0.649040,58.553999,382,382,381,0.997382,0.479167,0.000000,1.231262,16.558048,0.198208,0.000458,11.939141,4.420074
41,2573241482810,1,orb_cpu,stereo,63.658987,64.707110,0.000000,0.000000,0.000000,0.000000,0.000000,0.000000,0.000000,0.000000,600,600,64.990109,21.729953,2.772619,89.492681,404,354,354,0.876238,0.333333,0.000000,1.440002,0.000000,0.000000,0.000000,0.000000,0.000000
41,2573241482810,1,xfeat_guided,temporal,22.897575,22.778909,4.735948,4.684281,0.001083,0.000792,16.769714,16.863630,1.390622,1.229998,600,600,45.676484,5.388322,0.391874,51.456680,384,384,384,1.000000,0.479167,0.000000,nan,0.000000,0.000000,0.000000,0.000000,0.000000
41,2573241482810,1,orb_cpu,temporal,63.997528,63.658987,0.000000,0.000000,0.000000,0.000000,0.000000,0.000000,0.000000,0.000000,600,600,127.656515,15.666841,0.827039,144.150395,526,520,520,0.988593,0.354167,0.000000,nan,0.000000,0.000000,0.000000,0.000000,0.000000
