method,pair_type,frame_index,stamp_sec,bag_time_sec,delta_time_sec,orb_slam_tracking_ok,keypoints_a,keypoints_b,matches,ransac_inliers,ransac_inlier_ratio,strict_inliers,strict_inlier_ratio,strict_grid_coverage,match_latency_ms,median_vertical_error_px,median_disparity_px,rectified_inliers,rectified_inlier_ratio
xfeat,stereo,0,2569.011476808,1780624744.9005826,0.0,,1024,1024,558,375,0.6720430107526881,345,0.6182795698924731,0.7291666666666666,3.669713012641296,1.0,4.0,409,0.7329749103942652
orb,stereo,0,2569.011476808,1780624744.9005826,0.0,,957,927,562,500,0.8896797153024911,498,0.8861209964412812,0.4791666666666667,3.5358490131329745,0.0,1.727996826171875,515,0.9163701067615658
xfeat,stereo,1,2569.101470849,1780624745.0017073,0.0,,1024,1024,551,384,0.6969147005444646,366,0.6642468239564429,0.7083333333333334,3.1637240026611835,1.0,4.0,411,0.7459165154264973
xfeat,temporal,1,2569.101470849,1780624745.0017073,0.08999404099995445,,1024,1024,758,690,0.9102902374670184,690,0.9102902374670184,0.8125,3.0998290167190135,0.0,nan,0,0.0
orb,stereo,1,2569.101470849,1780624745.0017073,0.0,,957,923,567,504,0.8888888888888888,500,0.8818342151675485,0.4583333333333333,2.5393019896000624,0.0,1.7280044555664062,521,0.9188712522045855
orb,temporal,1,2569.101470849,1780624745.0017073,0.08999404099995445,,957,957,814,810,0.995085995085995,810,0.995085995085995,0.5416666666666666,2.656127995578572,0.0,nan,0,0.0
xfeat,stereo,10,2570.001461725,1780624745.9198873,0.0,,1024,1024,556,405,0.7284172661870504,380,0.6834532374100719,0.7291666666666666,2.953813993372023,1.0,4.0,429,0.7715827338129496
orb,stereo,10,2570.001461725,1780624745.9198873,0.0,,948,926,557,498,0.8940754039497307,496,0.8904847396768402,0.4583333333333333,2.745511010289192,0.0,1.727996826171875,513,0.9210053859964094
xfeat,stereo,11,2570.181473058,1780624746.022175,0.0,,1024,1024,551,391,0.7096188747731398,364,0.6606170598911071,0.6875,5.417350999778137,1.0,3.0,403,0.7313974591651543
xfeat,temporal,11,2570.181473058,1780624746.022175,0.18001133300003858,,1024,1024,742,661,0.8908355795148248,661,0.8908355795148248,0.7708333333333334,3.555889008566737,0.0,nan,0,0.0
orb,stereo,11,2570.181473058,1780624746.022175,0.0,,962,921,555,494,0.8900900900900901,492,0.8864864864864865,0.4583333333333333,2.780356997391209,0.0,1.727996826171875,511,0.9207207207207208
orb,temporal,11,2570.181473058,1780624746.022175,0.18001133300003858,,948,962,813,803,0.9876998769987699,803,0.9876998769987699,0.5625,2.666882995981723,0.0,nan,0,0.0
xfeat,stereo,20,2571.081465434,1780624746.941723,0.0,,1024,1024,576,416,0.7222222222222222,386,0.6701388888888888,0.6666666666666666,4.392385017126799,1.0,4.0,445,0.7725694444444444
orb,stereo,20,2571.081465434,1780624746.941723,0.0,,938,910,570,515,0.9035087719298246,501,0.8789473684210526,0.375,2.639648999320343,0.0,1.727996826171875,533,0.9350877192982456
xfeat,stereo,21,2571.171462517,1780624747.0435407,0.0,True,1024,1024,580,369,0.6362068965517241,341,0.5879310344827586,0.5833333333333334,4.333587014116347,1.0,3.0,442,0.7620689655172413
xfeat,temporal,21,2571.171462517,1780624747.0435407,0.0899970829996164,True,1024,1024,758,687,0.9063324538258575,687,0.9063324538258575,0.7083333333333334,3.210021008271724,0.0,nan,0,0.0
orb,stereo,21,2571.171462517,1780624747.0435407,0.0,True,951,914,565,510,0.9026548672566371,505,0.8938053097345132,0.4791666666666667,3.1317419779952615,0.0,1.727996826171875,520,0.9203539823008849
orb,temporal,21,2571.171462517,1780624747.0435407,0.0899970829996164,True,938,951,811,808,0.9963008631319359,808,0.9963008631319359,0.5,3.66252101957798,0.0,nan,0,0.0
xfeat,stereo,30,2572.071470309,1780624747.96653,0.0,True,1024,1024,595,388,0.6521008403361345,353,0.5932773109243697,0.5625,4.367246001493186,1.0,3.0,447,0.7512605042016807
orb,stereo,30,2572.071470309,1780624747.96653,0.0,True,954,900,567,510,0.8994708994708994,504,0.8888888888888888,0.4375,3.207506990293041,0.0,1.727996826171875,522,0.9206349206349206
xfeat,stereo,31,2572.161479393,1780624748.0692832,0.0,True,1024,1024,593,387,0.6526138279932546,353,0.5952782462057336,0.5416666666666666,3.509661997668445,1.0,3.0,464,0.7824620573355818
xfeat,temporal,31,2572.161479393,1780624748.0692832,0.09000908400003027,True,1024,1024,759,688,0.9064558629776021,688,0.9064558629776021,0.75,3.3599460148252547,0.0,nan,0,0.0
orb,stereo,31,2572.161479393,1780624748.0692832,0.0,True,952,910,570,513,0.9,509,0.8929824561403509,0.4375,3.521393984556198,0.0,1.727996826171875,526,0.9228070175438596
orb,temporal,31,2572.161479393,1780624748.0692832,0.09000908400003027,True,954,952,824,818,0.9927184466019418,818,0.9927184466019418,0.4791666666666667,3.896381997037679,0.0,nan,0,0.0
xfeat,stereo,40,2573.151513851,1780624748.990015,0.0,True,1024,1024,580,394,0.6793103448275862,364,0.6275862068965518,0.6875,3.465110989054665,1.0,3.0,443,0.7637931034482759
orb,stereo,40,2573.151513851,1780624748.990015,0.0,True,959,912,577,519,0.8994800693240901,514,0.8908145580589255,0.4791666666666667,2.577359991846606,0.0,1.727996826171875,528,0.9150779896013865
xfeat,stereo,41,2573.24148281,1780624749.0921774,0.0,True,1024,1024,607,451,0.742998352553542,416,0.685337726523888,0.625,3.544087987393141,1.0,3.0,464,0.7644151565074135
xfeat,temporal,41,2573.24148281,1780624749.0921774,0.08996895900008894,True,1024,1024,763,683,0.8951507208387942,683,0.8951507208387942,0.7708333333333334,2.886079018935561,0.0,nan,0,0.0
orb,stereo,41,2573.24148281,1780624749.0921774,0.0,True,956,919,563,503,0.8934280639431617,501,0.8898756660746003,0.4791666666666667,2.8537480102386326,0.0,1.727996826171875,521,0.9253996447602132
orb,temporal,41,2573.24148281,1780624749.0921774,0.08996895900008894,True,959,956,814,807,0.9914004914004914,807,0.9914004914004914,0.5208333333333334,3.2829239789862186,0.0,nan,0,0.0
xfeat,stereo,50,2574.141488394,1780624750.010516,0.0,True,1024,1024,602,441,0.7325581395348837,405,0.6727574750830565,0.6666666666666666,3.3376009960193187,1.0,3.0,439,0.729235880398671
orb,stereo,50,2574.141488394,1780624750.010516,0.0,True,959,908,571,515,0.9019264448336253,510,0.8931698774080561,0.4791666666666667,2.849069016519934,0.0,1.727996826171875,527,0.9229422066549913
xfeat,stereo,51,2574.231483935,1780624750.1136143,0.0,True,1024,1024,580,439,0.756896551724138,407,0.7017241379310345,0.6458333333333334,2.7732330199796706,0.0,3.0,447,0.7706896551724138
xfeat,temporal,51,2574.231483935,1780624750.1136143,0.0899955410000075,True,1024,1024,756,684,0.9047619047619048,684,0.9047619047619048,0.7708333333333334,3.760700987186283,0.0,nan,0,0.0
orb,stereo,51,2574.231483935,1780624750.1136143,0.0,True,955,909,575,520,0.9043478260869565,518,0.9008695652173913,0.4791666666666667,2.9479490185622126,0.0,1.727996826171875,542,0.9426086956521739
orb,temporal,51,2574.231483935,1780624750.1136143,0.0899955410000075,True,959,955,822,817,0.9939172749391727,817,0.9939172749391727,0.5208333333333334,2.9020000074524432,0.0,nan,0,0.0
xfeat,stereo,60,2575.131484561,1780624751.032343,0.0,True,1024,1024,599,462,0.7712854757929883,424,0.7078464106844741,0.6041666666666666,2.822114998707548,1.0,4.0,471,0.7863105175292153
orb,stereo,60,2575.131484561,1780624751.032343,0.0,True,953,903,575,492,0.8556521739130435,487,0.8469565217391304,0.3958333333333333,2.2080290073063225,0.0,1.727996826171875,532,0.9252173913043479
xfeat,stereo,61,2575.221484144,1780624751.1353521,0.0,True,1024,1024,607,425,0.700164744645799,385,0.6342668863261944,0.6041666666666666,4.150842025410384,1.0,3.0,440,0.7248764415156508
xfeat,temporal,61,2575.221484144,1780624751.1353521,0.08999958300000799,True,1024,1024,774,700,0.9043927648578811,700,0.9043927648578811,0.7083333333333334,2.7573819970712066,0.0,nan,0,0.0
orb,stereo,61,2575.221484144,1780624751.1353521,0.0,True,962,924,587,538,0.9165247018739353,536,0.9131175468483816,0.5,2.817644999595359,0.0,1.727996826171875,545,0.9284497444633731
orb,temporal,61,2575.221484144,1780624751.1353521,0.08999958300000799,True,953,962,829,819,0.9879372738238842,819,0.9879372738238842,0.5208333333333334,2.9323759954422712,0.0,nan,0,0.0
xfeat,stereo,70,2576.211494853,1780624752.0543845,0.0,True,1024,1024,586,419,0.7150170648464164,386,0.658703071672355,0.6458333333333334,3.001717006554827,1.0,3.0,455,0.7764505119453925
orb,stereo,70,2576.211494853,1780624752.0543845,0.0,True,959,899,578,524,0.9065743944636678,521,0.9013840830449827,0.4791666666666667,2.935588010586798,0.0,1.727996826171875,537,0.9290657439446367
xfeat,stereo,71,2576.301492853,1780624752.1564114,0.0,True,1024,1024,596,447,0.75,404,0.6778523489932886,0.6875,2.9844699893146753,1.0,3.0,438,0.7348993288590604
xfeat,temporal,71,2576.301492853,1780624752.1564114,0.0899979999999232,True,1024,1024,768,688,0.8958333333333334,688,0.8958333333333334,0.7291666666666666,3.1426350178662688,0.0,nan,0,0.0
orb,stereo,71,2576.301492853,1780624752.1564114,0.0,True,950,910,589,527,0.8947368421052632,523,0.8879456706281834,0.4791666666666667,2.9128940077498555,0.0,1.727996826171875,537,0.9117147707979627
orb,temporal,71,2576.301492853,1780624752.1564114,0.0899979999999232,True,959,950,816,804,0.9852941176470589,804,0.9852941176470589,0.5208333333333334,3.5190900089219213,0.0,nan,0,0.0
xfeat,stereo,80,2577.201491645,1780624753.0750167,0.0,True,1024,1024,589,416,0.7062818336162988,386,0.6553480475382003,0.6458333333333334,4.550131008727476,1.0,3.0,448,0.7606112054329371
orb,stereo,80,2577.201491645,1780624753.0750167,0.0,True,956,911,572,511,0.8933566433566433,507,0.8863636363636364,0.4791666666666667,2.5970519927795976,0.0,1.727996826171875,527,0.9213286713286714
xfeat,stereo,81,2577.29148402,1780624753.1781132,0.0,True,1024,1024,587,399,0.6797274275979557,368,0.626916524701874,0.5833333333333334,3.187744994647801,1.0,3.0,442,0.7529812606473595
xfeat,temporal,81,2577.29148402,1780624753.1781132,0.08999237500029267,True,1024,1024,756,692,0.9153439153439153,692,0.9153439153439153,0.7291666666666666,3.3434659999329597,0.0,nan,0,0.0
orb,stereo,81,2577.29148402,1780624753.1781132,0.0,True,954,914,571,509,0.8914185639229422,506,0.8861646234676007,0.4791666666666667,2.5427239888813347,0.0,1.727996826171875,521,0.9124343257443083
orb,temporal,81,2577.29148402,1780624753.1781132,0.08999237500029267,True,956,954,826,823,0.9963680387409201,823,0.9963680387409201,0.5208333333333334,2.4010390043258667,0.0,nan,0,0.0
xfeat,stereo,90,2578.191503937,1780624754.096607,0.0,True,1024,1024,607,434,0.71499176276771,401,0.6606260296540363,0.6666666666666666,4.509070975473151,0.0,3.0,456,0.7512355848434926
orb,stereo,90,2578.191503937,1780624754.096607,0.0,True,958,914,566,491,0.8674911660777385,486,0.8586572438162544,0.375,2.7060570137109607,0.0,1.727996826171875,522,0.9222614840989399
xfeat,stereo,91,2578.28150127,1780624754.1985803,0.0,True,1024,1024,597,422,0.7068676716917923,387,0.6482412060301508,0.6666666666666666,4.664791980758309,0.0,4.0,453,0.7587939698492462
xfeat,temporal,91,2578.28150127,1780624754.1985803,0.08999733299970103,True,1024,1024,758,687,0.9063324538258575,687,0.9063324538258575,0.7708333333333334,3.4504460054449737,0.0,nan,0,0.0
orb,stereo,91,2578.28150127,1780624754.1985803,0.0,True,957,895,564,499,0.8847517730496454,493,0.874113475177305,0.4791666666666667,2.883775014197454,0.0,1.727996826171875,509,0.9024822695035462
orb,temporal,91,2578.28150127,1780624754.1985803,0.08999733299970103,True,958,957,823,815,0.9902794653705954,815,0.9902794653705954,0.5208333333333334,2.3968489840626717,0.0,nan,0,0.0
xfeat,stereo,100,2579.271529354,1780624755.1154242,0.0,True,1024,1024,600,402,0.67,372,0.62,0.6458333333333334,3.833813010714948,1.0,3.0,463,0.7716666666666666
orb,stereo,100,2579.271529354,1780624755.1154242,0.0,True,951,901,558,506,0.9068100358422939,506,0.9068100358422939,0.5,2.8774899838026613,0.0,1.727996826171875,522,0.9354838709677419
xfeat,stereo,101,2579.361495313,1780624755.217412,0.0,True,1024,1024,589,434,0.7368421052631579,396,0.6723259762308998,0.6458333333333334,3.9352070016320795,1.0,3.0,441,0.7487266553480475
xfeat,temporal,101,2579.361495313,1780624755.217412,0.08996595899998283,True,1024,1024,765,686,0.8967320261437909,686,0.8967320261437909,0.7291666666666666,3.35533800534904,0.0,nan,0,0.0
orb,stereo,101,2579.361495313,1780624755.217412,0.0,True,958,909,566,510,0.901060070671378,507,0.8957597173144877,0.4583333333333333,2.227581018814817,0.0,1.727996826171875,524,0.9257950530035336
orb,temporal,101,2579.361495313,1780624755.217412,0.08996595899998283,True,951,958,814,802,0.9852579852579852,802,0.9852579852579852,0.5208333333333334,3.252826980315149,0.0,nan,0,0.0
xfeat,stereo,110,2580.26150323,1780624756.1434302,0.0,True,1024,1024,613,389,0.634584013050571,365,0.5954323001631321,0.6041666666666666,3.56035798904486,1.0,10.0,485,0.7911908646003263
orb,stereo,110,2580.26150323,1780624756.1434302,0.0,True,954,902,592,538,0.9087837837837838,531,0.8969594594594594,0.4375,3.1788769992999732,0.0,1.727996826171875,543,0.9172297297297297
xfeat,stereo,111,2580.351508313,1780624756.2467468,0.0,True,1024,1024,615,432,0.7024390243902439,404,0.656910569105691,0.6875,4.10510299843736,1.0,9.0,503,0.8178861788617886
xfeat,temporal,111,2580.351508313,1780624756.2467468,0.09000508300005094,True,1024,1024,592,410,0.6925675675675675,410,0.6925675675675675,0.6666666666666666,3.4005880006588995,4.0,nan,0,0.0
orb,stereo,111,2580.351508313,1780624756.2467468,0.0,True,962,904,599,537,0.8964941569282137,533,0.8898163606010017,0.4791666666666667,3.3730739960446954,0.0,1.727996826171875,546,0.9115191986644408
orb,temporal,111,2580.351508313,1780624756.2467468,0.09000508300005094,True,954,962,643,522,0.8118195956454122,522,0.8118195956454122,0.3958333333333333,2.7247020043432713,1.44000244140625,nan,0,0.0
xfeat,stereo,120,2581.341517064,1780624757.1725528,0.0,True,1024,1024,616,404,0.6558441558441559,380,0.6168831168831169,0.6041666666666666,3.1602319795638323,1.0,5.0,487,0.7905844155844156
orb,stereo,120,2581.341517064,1780624757.1725528,0.0,True,913,839,571,518,0.9071803852889667,517,0.9054290718038529,0.4791666666666667,2.67491300473921,0.0,1.791595458984375,537,0.9404553415061296
xfeat,stereo,121,2581.43151048,1780624757.27392,0.0,True,1024,1024,597,440,0.7370184254606366,416,0.6968174204355109,0.5833333333333334,3.4585469984449446,1.0,10.0,471,0.7889447236180904
xfeat,temporal,121,2581.43151048,1780624757.27392,0.08999341599974287,True,1024,1024,646,411,0.6362229102167183,411,0.6362229102167183,0.5625,3.0012289935257286,2.0,nan,0,0.0
orb,stereo,121,2581.43151048,1780624757.27392,0.0,True,924,839,570,517,0.9070175438596492,509,0.8929824561403509,0.5416666666666666,2.319057995919138,0.0,2.0,520,0.9122807017543859
orb,temporal,121,2581.43151048,1780624757.27392,0.08999341599974287,True,913,924,626,537,0.8578274760383386,537,0.8578274760383386,0.4583333333333333,2.9281169991008937,1.0,nan,0,0.0
xfeat,stereo,130,2582.331513856,1780624758.1979558,0.0,True,1024,1024,616,437,0.7094155844155844,411,0.6672077922077922,0.6666666666666666,3.35945698316209,1.0,6.0,470,0.762987012987013
orb,stereo,130,2582.331513856,1780624758.1979558,0.0,True,925,833,533,476,0.8930581613508443,474,0.8893058161350844,0.5625,2.379879995714873,0.0,2.0,488,0.9155722326454033
xfeat,stereo,131,2582.421519397,1780624758.305174,0.0,True,1024,1024,574,408,0.710801393728223,378,0.6585365853658537,0.6666666666666666,3.566084982594475,1.0,5.0,429,0.7473867595818815
xfeat,temporal,131,2582.421519397,1780624758.305174,0.09000554099975488,True,1024,1024,581,364,0.6265060240963856,364,0.6265060240963856,0.6458333333333334,3.2145600125659257,2.0,nan,0,0.0
orb,stereo,131,2582.421519397,1780624758.305174,0.0,True,925,843,521,475,0.9117082533589251,472,0.9059500959692899,0.625,2.6390900020487607,0.0,2.0,478,0.9174664107485605
orb,temporal,131,2582.421519397,1780624758.305174,0.09000554099975488,True,925,925,561,475,0.8467023172905526,475,0.8467023172905526,0.5416666666666666,2.9459240031428635,0.0,nan,0,0.0
xfeat,stereo,140,2583.321508481,1780624759.2273426,0.0,True,1024,1024,575,427,0.7426086956521739,394,0.6852173913043478,0.7291666666666666,3.164632013067603,1.0,4.0,440,0.7652173913043478
orb,stereo,140,2583.321508481,1780624759.2273426,0.0,True,888,836,517,471,0.9110251450676983,468,0.9052224371373307,0.5625,1.9600609957706183,0.0,2.0,477,0.9226305609284333
xfeat,stereo,141,2583.41150894,1780624759.3298035,0.0,True,1024,1024,582,407,0.6993127147766323,377,0.647766323024055,0.7708333333333334,4.579669010126963,1.0,3.0,423,0.7268041237113402
xfeat,temporal,141,2583.41150894,1780624759.3298035,0.09000045900029363,True,1024,1024,599,406,0.67779632721202,406,0.67779632721202,0.6875,3.503587009618059,1.0,nan,0,0.0
orb,stereo,141,2583.41150894,1780624759.3298035,0.0,True,914,824,510,468,0.9176470588235294,460,0.9019607843137255,0.5625,2.422545978333801,0.0,2.0,464,0.9098039215686274
orb,temporal,141,2583.41150894,1780624759.3298035,0.09000045900029363,True,888,914,598,504,0.842809364548495,504,0.842809364548495,0.5416666666666666,2.3468509898521006,1.44000244140625,nan,0,0.0
xfeat,stereo,150,2584.40151594,1780624760.2546282,0.0,True,1024,1024,600,425,0.7083333333333334,406,0.6766666666666666,0.6875,4.411447996972129,1.0,3.0,472,0.7866666666666666
orb,stereo,150,2584.40151594,1780624760.2546282,0.0,True,881,796,491,441,0.8981670061099797,437,0.890020366598778,0.4791666666666667,2.916594996349886,0.0,2.0,451,0.9185336048879837
xfeat,stereo,151,2584.491539523,1780624760.3568916,0.0,True,1024,1024,584,406,0.6952054794520548,380,0.6506849315068494,0.6666666666666666,3.161349013680592,1.0,3.0,443,0.7585616438356164
xfeat,temporal,151,2584.491539523,1780624760.3568916,0.0900235829999474,True,1024,1024,635,428,0.6740157480314961,428,0.6740157480314961,0.6458333333333334,3.1184739782474935,1.0,nan,0,0.0
orb,stereo,151,2584.491539523,1780624760.3568916,0.0,True,901,835,522,480,0.9195402298850575,478,0.9157088122605364,0.5208333333333334,2.061106002656743,0.0,2.0,491,0.9406130268199234
orb,temporal,151,2584.491539523,1780624760.3568916,0.0900235829999474,True,881,901,562,497,0.8843416370106761,497,0.8843416370106761,0.5416666666666666,2.1273749880492687,0.0,nan,0,0.0
xfeat,stereo,160,2585.391530899,1780624761.2845144,0.0,True,1024,1024,610,368,0.6032786885245902,340,0.5573770491803278,0.6666666666666666,4.145045997574925,1.0,5.0,463,0.759016393442623
orb,stereo,160,2585.391530899,1780624761.2845144,0.0,True,904,832,489,433,0.885480572597137,427,0.8732106339468303,0.5416666666666666,2.760245988611132,0.0,2.0,440,0.8997955010224948
xfeat,stereo,161,2585.481522149,1780624761.3861074,0.0,True,1024,1024,596,400,0.6711409395973155,378,0.6342281879194631,0.6666666666666666,3.2719600130803883,1.0,6.0,436,0.7315436241610739
xfeat,temporal,161,2585.481522149,1780624761.3861074,0.08999124999991182,True,1024,1024,603,393,0.6517412935323383,393,0.6517412935323383,0.6458333333333334,3.29339801101014,2.0,nan,0,0.0
orb,stereo,161,2585.481522149,1780624761.3861074,0.0,True,918,871,508,449,0.8838582677165354,447,0.8799212598425197,0.6041666666666666,2.881121006794274,0.0,2.0,458,0.9015748031496063
orb,temporal,161,2585.481522149,1780624761.3861074,0.08999124999991182,True,904,918,559,463,0.8282647584973166,463,0.8282647584973166,0.4791666666666667,2.9250440129544586,1.0,nan,0,0.0
xfeat,stereo,170,2586.381516566,1780624762.306558,0.0,True,1024,1024,580,381,0.656896551724138,358,0.6172413793103448,0.6875,3.7966640084050596,1.0,3.0,420,0.7241379310344828
orb,stereo,170,2586.381516566,1780624762.306558,0.0,True,878,807,494,435,0.8805668016194332,432,0.8744939271255061,0.4583333333333333,2.2173160105012357,0.0,2.0,448,0.9068825910931174
xfeat,stereo,171,2586.561521983,1780624762.408297,0.0,True,1024,1024,583,388,0.6655231560891939,359,0.6157804459691252,0.6458333333333334,4.784201009897515,1.0,4.0,436,0.7478559176672385
xfeat,temporal,171,2586.561521983,1780624762.408297,0.18000541700030226,True,1024,1024,518,339,0.6544401544401545,339,0.6544401544401545,0.6458333333333334,3.772852011024952,2.0,nan,0,0.0
orb,stereo,171,2586.561521983,1780624762.408297,0.0,True,850,788,457,402,0.8796498905908097,396,0.8665207877461707,0.4791666666666667,2.3367960238829255,0.0,1.7280082702636719,408,0.8927789934354485
orb,temporal,171,2586.561521983,1780624762.408297,0.18000541700030226,True,878,850,512,417,0.814453125,417,0.814453125,0.4166666666666667,2.451526001095772,1.1999893188476562,nan,0,0.0
xfeat,stereo,180,2587.46152365,1780624763.330055,0.0,True,1024,1024,589,384,0.6519524617996605,362,0.6146010186757216,0.6458333333333334,4.967226006556302,1.0,6.0,449,0.7623089983022071
orb,stereo,180,2587.46152365,1780624763.330055,0.0,True,876,803,474,407,0.8586497890295358,402,0.8481012658227848,0.5208333333333334,2.5105329987127334,0.0,2.0,418,0.8818565400843882
xfeat,stereo,181,2587.55152665,1780624763.433519,0.0,True,1024,1024,595,418,0.7025210084033613,401,0.6739495798319328,0.6875,3.639616013970226,1.0,7.0,445,0.7478991596638656
xfeat,temporal,181,2587.55152665,1780624763.433519,0.09000300000025163,True,1024,1024,589,374,0.634974533106961,374,0.634974533106961,0.6666666666666666,2.7351760072633624,3.0,nan,0,0.0
orb,stereo,181,2587.55152665,1780624763.433519,0.0,True,888,778,468,398,0.8504273504273504,397,0.8482905982905983,0.3958333333333333,2.1816329972352833,0.0,2.0,413,0.8824786324786325
orb,temporal,181,2587.55152665,1780624763.433519,0.09000300000025163,True,876,888,542,460,0.8487084870848709,460,0.8487084870848709,0.4583333333333333,2.641044993652031,0.0,nan,0,0.0
xfeat,stereo,190,2588.451552984,1780624764.3548112,0.0,True,1024,1024,599,400,0.667779632721202,380,0.6343906510851419,0.6666666666666666,3.7635639891959727,1.0,6.0,467,0.7796327212020033
orb,stereo,190,2588.451552984,1780624764.3548112,0.0,True,820,757,457,383,0.838074398249453,382,0.8358862144420132,0.5208333333333334,1.881014002719894,0.0,2.0736083984375,396,0.8665207877461707
xfeat,stereo,191,2588.541527025,1780624764.4583938,0.0,True,1024,1024,598,378,0.6321070234113713,361,0.6036789297658863,0.75,3.4972320136148483,1.0,6.0,470,0.7859531772575251
xfeat,temporal,191,2588.541527025,1780624764.4583938,0.08997404100000495,True,1024,1024,591,414,0.700507614213198,414,0.700507614213198,0.6875,3.1036000000312924,2.0,nan,0,0.0
orb,stereo,191,2588.541527025,1780624764.4583938,0.0,True,849,808,502,422,0.8406374501992032,417,0.8306772908366534,0.4583333333333333,1.8112539837602526,0.0,2.0735931396484375,431,0.8585657370517928
orb,temporal,191,2588.541527025,1780624764.4583938,0.08997404100000495,True,820,849,520,427,0.8211538461538461,427,0.8211538461538461,0.4583333333333333,1.6204779967665672,1.4399871826171875,nan,0,0.0
xfeat,stereo,200,2589.531530568,1780624765.3766778,0.0,True,1024,1024,577,388,0.6724436741767764,367,0.6360485268630849,0.75,4.0337370010092854,1.0,7.0,431,0.7469670710571924
orb,stereo,200,2589.531530568,1780624765.3766778,0.0,True,865,825,489,427,0.8732106339468303,424,0.8670756646216768,0.5625,3.4147629921790212,0.0,2.4883270263671875,439,0.8977505112474438
xfeat,stereo,201,2589.621546568,1780624765.4794037,0.0,True,1024,1024,587,423,0.7206132879045997,408,0.6950596252129472,0.7083333333333334,3.7769020127598196,1.0,4.0,478,0.8143100511073254
xfeat,temporal,201,2589.621546568,1780624765.4794037,0.09001600000010512,True,1024,1024,580,358,0.6172413793103448,358,0.6172413793103448,0.6041666666666666,3.262393001932651,2.0,nan,0,0.0
orb,stereo,201,2589.621546568,1780624765.4794037,0.0,True,790,714,431,356,0.8259860788863109,355,0.8236658932714617,0.4791666666666667,2.3983859864529222,0.0,2.4000015258789062,368,0.8538283062645011
orb,temporal,201,2589.621546568,1780624765.4794037,0.09001600000010512,True,865,790,425,370,0.8705882352941177,370,0.8705882352941177,0.4791666666666667,4.114042007131502,0.3455963134765625,nan,0,0.0
xfeat,stereo,210,2590.521622443,1780624766.4044385,0.0,True,1024,1024,620,445,0.717741935483871,416,0.6709677419354839,0.6875,3.1890019890852273,1.0,8.0,474,0.7645161290322581
orb,stereo,210,2590.521622443,1780624766.4044385,0.0,True,815,724,425,362,0.851764705882353,359,0.8447058823529412,0.5208333333333334,1.982337998924777,0.0,2.4000091552734375,369,0.8682352941176471
xfeat,stereo,211,2590.611631985,1780624766.5062003,0.0,True,1024,1024,607,390,0.642504118616145,364,0.5996705107084019,0.7083333333333334,3.500304010231048,1.0,5.0,464,0.7644151565074135
xfeat,temporal,211,2590.611631985,1780624766.5062003,0.09000954199973421,True,1024,1024,610,391,0.6409836065573771,391,0.6409836065573771,0.6875,3.2795020088087767,3.0,nan,0,0.0
orb,stereo,211,2590.611631985,1780624766.5062003,0.0,True,774,674,399,334,0.8370927318295739,328,0.8220551378446115,0.5833333333333334,1.7173319938592613,0.0,2.4883193969726562,339,0.849624060150376
orb,temporal,211,2590.611631985,1780624766.5062003,0.09000954199973421,True,815,774,488,406,0.8319672131147541,406,0.8319672131147541,0.5625,1.7694249982014298,2.0,nan,0,0.0
xfeat,stereo,220,2591.511565568,1780624767.4319038,0.0,True,1024,1024,593,366,0.6172006745362564,347,0.5851602023608768,0.6458333333333334,5.057238013250753,1.0,5.0,442,0.7453625632377741
orb,stereo,220,2591.511565568,1780624767.4319038,0.0,True,654,564,318,245,0.7704402515723271,241,0.7578616352201258,0.4375,1.316228008363396,0.0,2.03680419921875,256,0.8050314465408805
xfeat,stereo,221,2591.691540444,1780624767.5333385,0.0,True,1024,1024,597,376,0.6298157453936348,358,0.5996649916247906,0.6666666666666666,4.971206013578922,1.0,12.5,450,0.7537688442211056
xfeat,temporal,221,2591.691540444,1780624767.5333385,0.1799748759999602,True,1024,1024,516,304,0.5891472868217055,304,0.5891472868217055,0.6666666666666666,3.4517729945946485,3.0,nan,0,0.0
orb,stereo,221,2591.691540444,1780624767.5333385,0.0,True,636,582,332,269,0.8102409638554217,268,0.8072289156626506,0.4583333333333333,1.616358000319451,0.0,2.0736007690429688,277,0.8343373493975904
orb,temporal,221,2591.691540444,1780624767.5333385,0.1799748759999602,True,654,636,341,246,0.7214076246334311,246,0.7214076246334311,0.4791666666666667,1.6667059971950948,2.0,nan,0,0.0
xfeat,stereo,230,2592.591563736,1780624768.4522514,0.0,True,1024,1024,609,453,0.7438423645320197,428,0.7027914614121511,0.7083333333333334,4.287219984689727,1.0,11.0,480,0.7881773399014779
orb,stereo,230,2592.591563736,1780624768.4522514,0.0,True,716,605,370,310,0.8378378378378378,301,0.8135135135135135,0.4791666666666667,1.605255005415529,0.0,2.0735931396484375,326,0.8810810810810811
xfeat,stereo,231,2592.681564361,1780624768.5549762,0.0,True,1024,1024,602,376,0.6245847176079734,342,0.5681063122923588,0.625,3.125875984551385,1.0,11.5,448,0.7441860465116279
xfeat,temporal,231,2592.681564361,1780624768.5549762,0.09000062499990236,True,1024,1024,621,425,0.6843800322061192,425,0.6843800322061192,0.6666666666666666,2.958842000225559,1.0,nan,0,0.0
orb,stereo,231,2592.681564361,1780624768.5549762,0.0,True,726,581,356,315,0.8848314606741573,313,0.8792134831460674,0.3958333333333333,1.3445790100377053,0.0,2.0736007690429688,320,0.898876404494382
orb,temporal,231,2592.681564361,1780624768.5549762,0.09000062499990236,True,716,726,456,371,0.8135964912280702,371,0.8135964912280702,0.4583333333333333,1.327470992691815,0.57598876953125,nan,0,0.0
xfeat,stereo,240,2593.581543194,1780624769.4774947,0.0,True,1024,1024,562,387,0.6886120996441281,366,0.6512455516014235,0.7708333333333334,3.158136998536065,1.0,4.0,420,0.7473309608540926
orb,stereo,240,2593.581543194,1780624769.4774947,0.0,True,967,940,593,527,0.8887015177065767,520,0.8768971332209107,0.5833333333333334,3.086840995820239,0.0,2.0,535,0.9021922428330523
xfeat,stereo,241,2593.671559611,1780624769.581971,0.0,True,1024,1024,570,365,0.6403508771929824,340,0.5964912280701754,0.7916666666666666,3.2094620110001415,1.0,3.0,430,0.7543859649122807
xfeat,temporal,241,2593.671559611,1780624769.581971,0.09001641699978791,True,1024,1024,576,327,0.5677083333333334,327,0.5677083333333334,0.7708333333333334,3.0121919990051538,2.0,nan,0,0.0
orb,stereo,241,2593.671559611,1780624769.581971,0.0,True,999,970,607,531,0.8747940691927513,524,0.8632619439868204,0.5625,3.933811007300392,0.0,2.0,552,0.9093904448105437
orb,temporal,241,2593.671559611,1780624769.581971,0.09001641699978791,True,967,999,666,591,0.8873873873873874,591,0.8873873873873874,0.6041666666666666,3.042079013539478,1.20001220703125,nan,0,0.0
xfeat,stereo,250,2594.66156657,1780624770.5020127,0.0,True,1024,1024,586,434,0.7406143344709898,408,0.6962457337883959,0.7916666666666666,4.622125998139381,1.0,2.0,464,0.7918088737201365
orb,stereo,250,2594.66156657,1780624770.5020127,0.0,True,1003,1006,630,578,0.9174603174603174,574,0.9111111111111111,0.5625,3.1876049761194736,0.0,1.727996826171875,584,0.926984126984127
xfeat,stereo,251,2594.751555028,1780624770.6043956,0.0,True,1024,1024,588,427,0.7261904761904762,398,0.6768707482993197,0.7708333333333334,3.7076299777254462,1.0,3.0,450,0.7653061224489796
xfeat,temporal,251,2594.751555028,1780624770.6043956,0.08998845799987976,True,1024,1024,621,400,0.644122383252818,400,0.644122383252818,0.7916666666666666,3.1299259862862527,1.0,nan,0,0.0
orb,stereo,251,2594.751555028,1780624770.6043956,0.0,True,1006,1006,641,591,0.921996879875195,585,0.9126365054602185,0.625,4.137434996664524,0.0,1.727996826171875,594,0.9266770670826833
orb,temporal,251,2594.751555028,1780624770.6043956,0.08998845799987976,True,1003,1006,689,594,0.8621190130624092,594,0.8621190130624092,0.6666666666666666,3.793032985413447,1.0,nan,0,0.0
xfeat,stereo,260,2595.651569362,1780624771.524806,0.0,True,1024,1024,587,391,0.666098807495741,360,0.6132879045996593,0.8125,4.1769579984247684,1.0,2.0,447,0.7614991482112436
orb,stereo,260,2595.651569362,1780624771.524806,0.0,True,997,1011,659,614,0.9317147192716236,608,0.9226100151745068,0.6041666666666666,2.8188329888507724,0.0,2.07354736328125,620,0.9408194233687405
xfeat,stereo,261,2595.741559945,1780624771.6274214,0.0,True,1024,1024,612,392,0.6405228758169934,363,0.5931372549019608,0.75,4.458235023776069,1.0,3.0,459,0.75
xfeat,temporal,261,2595.741559945,1780624771.6274214,0.0899905830001444,True,1024,1024,585,369,0.6307692307692307,369,0.6307692307692307,0.8333333333333334,2.867784001864493,1.0,nan,0,0.0
orb,stereo,261,2595.741559945,1780624771.6274214,0.0,True,1008,1003,652,587,0.9003067484662577,579,0.8880368098159509,0.625,2.6977469970006496,0.0,2.0735855102539062,604,0.9263803680981595
orb,temporal,261,2595.741559945,1780624771.6274214,0.0899905830001444,True,997,1008,633,562,0.8878357030015798,562,0.8878357030015798,0.6041666666666666,2.3202459851745516,1.0,nan,0,0.0
xfeat,stereo,270,2596.641604738,1780624772.550445,0.0,True,1024,1024,575,396,0.688695652173913,365,0.6347826086956522,0.8333333333333334,3.6898929974995553,1.0,3.0,430,0.7478260869565218
orb,stereo,270,2596.641604738,1780624772.550445,0.0,True,1010,1003,673,622,0.924219910846954,620,0.9212481426448736,0.5625,2.977695985464379,0.0,2.399993896484375,630,0.9361069836552749
xfeat,stereo,271,2596.731559446,1780624772.651846,0.0,True,1024,1024,593,378,0.6374367622259697,347,0.5851602023608768,0.7708333333333334,3.882274992065504,1.0,3.0,432,0.7284991568296796
xfeat,temporal,271,2596.731559446,1780624772.651846,0.0899547080002776,True,1024,1024,597,369,0.6180904522613065,369,0.6180904522613065,0.7916666666666666,3.4584070090204477,2.0,nan,0,0.0
orb,stereo,271,2596.731559446,1780624772.651846,0.0,True,1003,993,669,630,0.9417040358744395,624,0.9327354260089686,0.6041666666666666,2.9071670142002404,0.0,2.200000762939453,633,0.9461883408071748
orb,temporal,271,2596.731559446,1780624772.651846,0.0899547080002776,True,1010,1003,668,562,0.8413173652694611,562,0.8413173652694611,0.6458333333333334,2.959120989544317,1.20001220703125,nan,0,0.0
xfeat,stereo,280,2597.721589446,1780624773.5712426,0.0,True,1024,1024,578,408,0.7058823529411765,382,0.6608996539792388,0.8333333333333334,3.490808012429625,1.0,3.0,428,0.740484429065744
orb,stereo,280,2597.721589446,1780624773.5712426,0.0,True,1024,1024,669,584,0.8729446935724963,578,0.8639760837070254,0.4583333333333333,4.034434998175129,0.0,2.0,612,0.9147982062780269
xfeat,stereo,281,2597.81157253,1780624773.6732707,0.0,True,1024,1024,570,392,0.6877192982456141,376,0.6596491228070176,0.8541666666666666,3.7696390063501894,1.0,3.0,450,0.7894736842105263
xfeat,temporal,281,2597.81157253,1780624773.6732707,0.08998308399986854,True,1024,1024,534,316,0.5917602996254682,316,0.5917602996254682,0.8125,4.03792699216865,4.0,nan,0,0.0
orb,stereo,281,2597.81157253,1780624773.6732707,0.0,True,1024,1024,627,569,0.9074960127591707,562,0.8963317384370016,0.4583333333333333,3.990583005361259,0.0,2.0,580,0.9250398724082934
orb,temporal,281,2597.81157253,1780624773.6732707,0.08998308399986854,True,1024,1024,714,608,0.8515406162464986,608,0.8515406162464986,0.5416666666666666,3.5371750127524137,3.45599365234375,nan,0,0.0
xfeat,stereo,290,2598.711564989,1780624774.5950084,0.0,True,1024,1024,588,417,0.7091836734693877,391,0.6649659863945578,0.7916666666666666,5.558339005801827,1.0,3.0,436,0.7414965986394558
orb,stereo,290,2598.711564989,1780624774.5950084,0.0,True,1024,1024,676,594,0.878698224852071,591,0.8742603550295858,0.4583333333333333,4.045259003760293,0.0,2.0735931396484375,610,0.9023668639053254
xfeat,stereo,291,2598.801568989,1780624774.697295,0.0,True,1024,1024,572,375,0.6555944055944056,346,0.6048951048951049,0.7916666666666666,4.569195007206872,1.0,3.0,415,0.7255244755244755
xfeat,temporal,291,2598.801568989,1780624774.697295,0.09000399999968067,True,1024,1024,576,337,0.5850694444444444,337,0.5850694444444444,0.7083333333333334,4.454883019207045,3.0,nan,0,0.0
orb,stereo,291,2598.801568989,1780624774.697295,0.0,True,1024,1024,691,631,0.9131693198263386,627,0.9073806078147613,0.4583333333333333,3.7572789879050106,0.0,2.0,638,0.9232995658465991
orb,temporal,291,2598.801568989,1780624774.697295,0.09000399999968067,True,1024,1024,730,645,0.8835616438356164,645,0.8835616438356164,0.4583333333333333,3.24814798659645,1.0,nan,0,0.0
xfeat,stereo,300,2599.701567739,1780624775.620598,0.0,True,1024,1024,560,369,0.6589285714285714,339,0.6053571428571428,0.7708333333333334,4.602572997100651,1.0,4.0,422,0.7535714285714286
orb,stereo,300,2599.701567739,1780624775.620598,0.0,True,1024,1024,698,607,0.8696275071633238,598,0.8567335243553008,0.3958333333333333,4.35740000102669,0.0,2.0,649,0.9297994269340975
xfeat,stereo,301,2599.881589447,1780624775.7220519,0.0,True,1024,1024,544,351,0.6452205882352942,326,0.5992647058823529,0.6875,3.696387982927263,1.0,4.0,413,0.7591911764705882
xfeat,temporal,301,2599.881589447,1780624775.7220519,0.1800217079999129,True,1024,1024,539,322,0.5974025974025974,322,0.5974025974025974,0.75,3.0850250041112304,2.0,nan,0,0.0
orb,stereo,301,2599.881589447,1780624775.7220519,0.0,True,1024,1024,687,611,0.8893740902474527,609,0.8864628820960698,0.4166666666666667,4.009994998341426,0.0,2.0,619,0.901018922852984
orb,temporal,301,2599.881589447,1780624775.7220519,0.1800217079999129,True,1024,1024,725,646,0.8910344827586207,646,0.8910344827586207,0.4375,3.2251740049105138,0.0,nan,0,0.0
xfeat,stereo,310,2600.781575823,1780624776.643109,0.0,True,1024,1024,568,397,0.698943661971831,379,0.6672535211267606,0.7916666666666666,3.8707540079485625,1.0,4.0,431,0.7588028169014085
orb,stereo,310,2600.781575823,1780624776.643109,0.0,True,1024,1024,701,634,0.9044222539229672,632,0.9015691868758916,0.4166666666666667,2.7600360044743866,0.0,2.0,647,0.9229671897289586
xfeat,stereo,311,2600.87157249,1780624776.7453766,0.0,True,1024,1024,539,338,0.62708719851577,317,0.588126159554731,0.7291666666666666,3.6604249908123165,1.0,4.0,389,0.7217068645640075
xfeat,temporal,311,2600.87157249,1780624776.7453766,0.08999666699992304,True,1024,1024,582,318,0.5463917525773195,318,0.5463917525773195,0.6666666666666666,3.2231489894911647,2.0,nan,0,0.0
orb,stereo,311,2600.87157249,1780624776.7453766,0.0,True,1024,1024,724,636,0.8784530386740331,636,0.8784530386740331,0.375,4.395945987198502,0.0,2.0,660,0.9116022099447514
orb,temporal,311,2600.87157249,1780624776.7453766,0.08999666699992304,True,1024,1024,727,627,0.8624484181568088,627,0.8624484181568088,0.3541666666666667,4.163132980465889,1.199981689453125,nan,0,0.0
xfeat,stereo,320,2601.771586323,1780624777.6666608,0.0,True,1024,1024,542,376,0.6937269372693727,353,0.6512915129151291,0.7708333333333334,2.8384549950715154,1.0,4.0,390,0.7195571955719557
orb,stereo,320,2601.771586323,1780624777.6666608,0.0,True,1024,1024,719,652,0.9068150208623088,647,0.8998609179415855,0.3958333333333333,3.4090369881596416,0.0,2.0736007690429688,666,0.9262865090403338
xfeat,stereo,321,2601.861564115,1780624777.7739413,0.0,True,1024,1024,577,393,0.6811091854419411,371,0.6429809358752167,0.8125,3.373493003891781,1.0,5.0,440,0.7625649913344887
xfeat,temporal,321,2601.861564115,1780624777.7739413,0.08997779199989964,True,1024,1024,627,403,0.6427432216905901,403,0.6427432216905901,0.7708333333333334,3.408199001569301,2.0,nan,0,0.0
orb,stereo,321,2601.861564115,1780624777.7739413,0.0,True,1024,1024,722,640,0.8864265927977839,636,0.8808864265927978,0.3541666666666667,3.8147500017657876,0.0,2.0735931396484375,659,0.9127423822714681
orb,temporal,321,2601.861564115,1780624777.7739413,0.08997779199989964,True,1024,1024,775,648,0.8361290322580646,648,0.8361290322580646,0.3541666666666667,3.2570869952905923,0.0,nan,0,0.0
xfeat,stereo,330,2602.851578699,1780624778.690235,0.0,True,1024,1024,584,420,0.7191780821917808,399,0.6832191780821918,0.7916666666666666,3.4652499889489263,1.0,4.0,459,0.785958904109589
orb,stereo,330,2602.851578699,1780624778.690235,0.0,True,1022,1016,686,593,0.8644314868804664,592,0.8629737609329446,0.3541666666666667,3.9248029934242368,0.0,2.0736007690429688,616,0.8979591836734694
xfeat,stereo,331,2602.941576366,1780624778.7920594,0.0,True,1024,1024,568,353,0.6214788732394366,330,0.5809859154929577,0.7291666666666666,3.2784549985080957,1.0,4.0,456,0.8028169014084507
xfeat,temporal,331,2602.941576366,1780624778.7920594,0.08999766699980682,True,1024,1024,623,438,0.7030497592295345,438,0.7030497592295345,0.7708333333333334,3.0441750132013112,1.0,nan,0,0.0
orb,stereo,331,2602.941576366,1780624778.7920594,0.0,True,1023,1019,697,592,0.8493543758967002,589,0.8450502152080345,0.3541666666666667,3.0430570186581463,0.0,2.0736007690429688,608,0.8723098995695839
orb,temporal,331,2602.941576366,1780624778.7920594,0.08999766699980682,True,1022,1023,783,723,0.9233716475095786,723,0.9233716475095786,0.3541666666666667,3.779275983106345,0.0,nan,0,0.0
xfeat,stereo,340,2603.841603324,1780624779.7132056,0.0,True,1024,1024,597,445,0.7453936348408711,419,0.7018425460636516,0.6666666666666666,3.371956991031766,1.0,3.0,477,0.7989949748743719
orb,stereo,340,2603.841603324,1780624779.7132056,0.0,True,1024,1018,692,592,0.8554913294797688,591,0.8540462427745664,0.3333333333333333,3.501422004774213,0.0,2.0736007690429688,619,0.8945086705202312
xfeat,stereo,341,2603.931574908,1780624779.8159075,0.0,True,1024,1024,615,407,0.6617886178861788,380,0.6178861788617886,0.5625,5.121201014844701,1.0,3.5,462,0.751219512195122
xfeat,temporal,341,2603.931574908,1780624779.8159075,0.0899715840000681,True,1024,1024,671,490,0.7302533532041728,490,0.7302533532041728,0.7708333333333334,3.8037869962863624,1.0,nan,0,0.0
orb,stereo,341,2603.931574908,1780624779.8159075,0.0,True,1024,1024,722,613,0.8490304709141274,612,0.8476454293628809,0.3125,2.961285994388163,0.0,2.0736007690429688,642,0.889196675900277
orb,temporal,341,2603.931574908,1780624779.8159075,0.0899715840000681,True,1024,1024,768,671,0.8736979166666666,671,0.8736979166666666,0.3333333333333333,3.4033099946100265,0.0,nan,0,0.0
xfeat,stereo,350,2604.831605908,1780624780.7416744,0.0,True,1024,1024,588,399,0.6785714285714286,378,0.6428571428571429,0.6666666666666666,3.51119801052846,1.0,4.0,426,0.7244897959183674
orb,stereo,350,2604.831605908,1780624780.7416744,0.0,True,1023,1021,689,590,0.8563134978229318,587,0.8519593613933236,0.22916666666666666,3.0436859815381467,0.0,2.0,613,0.8896952104499274
xfeat,stereo,351,2605.011594408,1780624780.846202,0.0,True,1024,1024,614,428,0.6970684039087948,406,0.6612377850162866,0.75,4.154125024797395,1.0,3.0,472,0.7687296416938111
xfeat,temporal,351,2605.011594408,1780624780.846202,0.17998850000003586,True,1024,1024,582,371,0.6374570446735395,371,0.6374570446735395,0.6875,3.4371090005151927,2.0,nan,0,0.0
orb,stereo,351,2605.011594408,1780624780.846202,0.0,True,1018,1024,667,574,0.8605697151424287,568,0.8515742128935532,0.3333333333333333,3.897707996657118,0.0,2.0,590,0.8845577211394303
orb,temporal,351,2605.011594408,1780624780.846202,0.17998850000003586,True,1023,1018,653,540,0.8269525267993875,540,0.8269525267993875,0.25,3.2680500007700175,1.199981689453125,nan,0,0.0
xfeat,stereo,360,2605.911594867,1780624781.7680714,0.0,True,1024,1024,585,415,0.7094017094017094,395,0.6752136752136753,0.7916666666666666,3.912860993295908,1.0,3.0,435,0.7435897435897436
orb,stereo,360,2605.911594867,1780624781.7680714,0.0,True,1024,1024,651,538,0.82642089093702,534,0.8202764976958525,0.4583333333333333,3.7701280089095235,0.0,2.399993896484375,572,0.8786482334869432
xfeat,stereo,361,2606.00162945,1780624781.8696566,0.0,True,1024,1024,597,408,0.6834170854271356,377,0.6314907872696818,0.7916666666666666,4.098889010492712,1.0,3.0,439,0.7353433835845896
xfeat,temporal,361,2606.00162945,1780624781.8696566,0.09003458300003331,True,1024,1024,602,381,0.632890365448505,381,0.632890365448505,0.7708333333333334,3.9030159823596478,1.0,nan,0,0.0
orb,stereo,361,2606.00162945,1780624781.8696566,0.0,True,1024,1024,644,560,0.8695652173913043,558,0.8664596273291926,0.3541666666666667,3.903294011252001,0.0,2.3999977111816406,575,0.8928571428571429
orb,temporal,361,2606.00162945,1780624781.8696566,0.09003458300003331,True,1024,1024,679,582,0.8571428571428571,582,0.8571428571428571,0.4375,3.666710021207109,1.0,nan,0,0.0
xfeat,stereo,370,2606.901590826,1780624782.7929788,0.0,True,1024,1024,612,390,0.6372549019607843,351,0.5735294117647058,0.5208333333333334,4.054895980516449,1.0,2.0,442,0.7222222222222222
orb,stereo,370,2606.901590826,1780624782.7929788,0.0,True,1024,1024,649,557,0.8582434514637904,553,0.8520801232665639,0.2916666666666667,3.291581990197301,0.0,2.399993896484375,574,0.884437596302003
xfeat,stereo,371,2606.991578576,1780624782.8955054,0.0,True,1024,1024,625,391,0.6256,350,0.56,0.6666666666666666,2.9785340011585504,1.0,2.0,463,0.7408
xfeat,temporal,371,2606.991578576,1780624782.8955054,0.08998775000009118,True,1024,1024,649,464,0.7149460708782742,464,0.7149460708782742,0.75,2.9591909842565656,1.0,nan,0,0.0
orb,stereo,371,2606.991578576,1780624782.8955054,0.0,True,1024,1024,650,563,0.8661538461538462,557,0.8569230769230769,0.3333333333333333,4.016349994344637,0.0,2.399993896484375,575,0.8846153846153846
orb,temporal,371,2606.991578576,1780624782.8955054,0.08998775000009118,True,1024,1024,725,630,0.8689655172413793,630,0.8689655172413793,0.3125,3.1613500032108277,0.0,nan,0,0.0
xfeat,stereo,380,2607.981583576,1780624783.8180356,0.0,True,1024,1024,615,394,0.640650406504065,353,0.5739837398373984,0.6458333333333334,3.5215329844504595,1.0,2.0,448,0.7284552845528456
orb,stereo,380,2607.981583576,1780624783.8180356,0.0,True,1024,1024,643,550,0.8553654743390358,543,0.8444790046656299,0.4166666666666667,3.236206975998357,0.0,2.488311767578125,560,0.8709175738724728
xfeat,stereo,381,2608.07159316,1780624783.920439,0.0,True,1024,1024,622,420,0.6752411575562701,392,0.6302250803858521,0.6666666666666666,4.048681003041565,1.0,2.0,464,0.7459807073954984
xfeat,temporal,381,2608.07159316,1780624783.920439,0.09000958399974479,True,1024,1024,649,449,0.6918335901386748,449,0.6918335901386748,0.6041666666666666,3.782279003644362,1.0,nan,0,0.0
orb,stereo,381,2608.07159316,1780624783.920439,0.0,True,1024,1024,628,545,0.8678343949044586,541,0.8614649681528662,0.4166666666666667,4.119557997910306,0.0,2.4883193969726562,568,0.9044585987261147
orb,temporal,381,2608.07159316,1780624783.920439,0.09000958399974479,True,1024,1024,765,685,0.8954248366013072,685,0.8954248366013072,0.4166666666666667,3.872289991704747,0.0,nan,0,0.0
xfeat,stereo,390,2608.971591952,1780624784.843595,0.0,True,1024,1024,628,428,0.6815286624203821,400,0.6369426751592356,0.6458333333333334,3.293259011115879,1.0,3.0,491,0.7818471337579618
orb,stereo,390,2608.971591952,1780624784.843595,0.0,True,1024,1024,625,536,0.8576,533,0.8528,0.4375,3.3727949776221067,0.0,2.8800048828125,553,0.8848
xfeat,stereo,391,2609.06160991,1780624784.9470623,0.0,True,1024,1024,637,419,0.6577708006279435,386,0.6059654631083202,0.7291666666666666,3.2341819896828383,1.0,3.0,479,0.7519623233908949
xfeat,temporal,391,2609.06160991,1780624784.9470623,0.09001795799986212,True,1024,1024,651,435,0.6682027649769585,435,0.6682027649769585,0.6875,3.195705998223275,1.0,nan,0,0.0
orb,stereo,391,2609.06160991,1780624784.9470623,0.0,True,1024,1024,623,540,0.8667736757624398,526,0.8443017656500803,0.4375,3.3903220028150827,0.0,2.8800048828125,554,0.8892455858747994
orb,temporal,391,2609.06160991,1780624784.9470623,0.09001795799986212,True,1024,1024,743,654,0.8802153432032301,654,0.8802153432032301,0.3958333333333333,3.971937985625118,1.1999969482421875,nan,0,0.0
xfeat,stereo,400,2609.961605702,1780624785.8659441,0.0,True,1024,1024,586,410,0.6996587030716723,380,0.6484641638225256,0.7708333333333334,3.201362007530406,1.0,3.0,447,0.7627986348122867
orb,stereo,400,2609.961605702,1780624785.8659441,0.0,True,1024,1024,595,505,0.8487394957983193,503,0.8453781512605042,0.4583333333333333,3.05890801246278,0.0,3.0,520,0.8739495798319328
xfeat,stereo,401,2610.051594786,1780624785.9678261,0.0,True,1024,1024,601,371,0.6173044925124792,342,0.5690515806988353,0.7083333333333334,3.188025002600625,1.0,3.0,441,0.7337770382695508
xfeat,temporal,401,2610.051594786,1780624785.9678261,0.08998908400008077,True,1024,1024,603,338,0.560530679933665,338,0.560530679933665,0.7083333333333334,3.4773309889715165,2.0,nan,0,0.0
orb,stereo,401,2610.051594786,1780624785.9678261,0.0,True,1024,1024,580,480,0.8275862068965517,474,0.8172413793103448,0.4583333333333333,3.756371996132657,0.0,3.0,493,0.85
orb,temporal,401,2610.051594786,1780624785.9678261,0.08998908400008077,True,1024,1024,718,599,0.8342618384401114,599,0.8342618384401114,0.4791666666666667,3.1151220027823,1.727996826171875,nan,0,0.0
xfeat,stereo,410,2611.041611078,1780624786.8862064,0.0,True,1024,1024,574,389,0.6777003484320557,368,0.6411149825783972,0.9166666666666666,3.2038060016930103,1.0,3.0,414,0.7212543554006968
orb,stereo,410,2611.041611078,1780624786.8862064,0.0,True,1024,1024,594,486,0.8181818181818182,479,0.8063973063973064,0.5416666666666666,3.1907479860819876,0.0,3.0,508,0.8552188552188552
xfeat,stereo,411,2611.131593328,1780624786.9872499,0.0,True,1024,1024,573,363,0.6335078534031413,340,0.5933682373472949,0.8958333333333334,4.777706984896213,1.0,3.0,401,0.699825479930192
xfeat,temporal,411,2611.131593328,1780624786.9872499,0.08998224999959348,True,1024,1024,612,409,0.6683006535947712,409,0.6683006535947712,0.7708333333333334,2.8904780047014356,1.0,nan,0,0.0
orb,stereo,411,2611.131593328,1780624786.9872499,0.0,True,1024,1024,616,507,0.823051948051948,505,0.8198051948051948,0.5833333333333334,3.9257789903786033,0.0,3.1103973388671875,525,0.8522727272727273
orb,temporal,411,2611.131593328,1780624786.9872499,0.08998224999959348,True,1024,1024,751,646,0.8601864181091877,646,0.8601864181091877,0.5208333333333334,3.5378029861021787,0.0,nan,0,0.0
xfeat,stereo,420,2612.031624287,1780624787.909707,0.0,True,1024,1024,612,393,0.6421568627450981,368,0.6013071895424836,0.7708333333333334,3.1289479811675847,1.0,3.0,451,0.7369281045751634
orb,stereo,420,2612.031624287,1780624787.909707,0.0,True,1024,1024,581,464,0.7986230636833046,457,0.7865748709122203,0.5416666666666666,3.226570988772437,0.0,3.45599365234375,474,0.8158347676419966
xfeat,stereo,421,2612.121617578,1780624788.0115294,0.0,True,1024,1024,595,398,0.66890756302521,361,0.6067226890756302,0.8958333333333334,3.3725860121194273,1.0,3.0,415,0.6974789915966386
xfeat,temporal,421,2612.121617578,1780624788.0115294,0.0899932910001553,True,1024,1024,648,432,0.6666666666666666,432,0.6666666666666666,0.8125,3.1424949993379414,1.0,nan,0,0.0
orb,stereo,421,2612.121617578,1780624788.0115294,0.0,True,1024,1024,599,466,0.7779632721202003,456,0.7612687813021702,0.5208333333333334,3.1640730157960206,0.0,3.45599365234375,501,0.8363939899833055
orb,temporal,421,2612.121617578,1780624788.0115294,0.0899932910001553,True,1024,1024,745,639,0.8577181208053691,639,0.8577181208053691,0.5416666666666666,3.86998601607047,1.1999969482421875,nan,0,0.0
xfeat,stereo,430,2613.021602579,1780624788.9330566,0.0,True,1024,1024,576,373,0.6475694444444444,351,0.609375,0.7708333333333334,3.457988001173362,1.0,3.0,405,0.703125
orb,stereo,430,2613.021602579,1780624788.9330566,0.0,True,1024,1024,539,409,0.7588126159554731,405,0.75139146567718,0.4791666666666667,3.45631199888885,0.0,3.58319091796875,448,0.8311688311688312
xfeat,stereo,431,2613.201601995,1780624789.0342038,0.0,True,1024,1024,576,356,0.6180555555555556,329,0.5711805555555556,0.75,3.0221080232877284,1.0,4.0,390,0.6770833333333334
xfeat,temporal,431,2613.201601995,1780624789.0342038,0.1799994160001006,True,1024,1024,576,340,0.5902777777777778,340,0.5902777777777778,0.7291666666666666,2.925253997091204,2.0,nan,0,0.0
orb,stereo,431,2613.201601995,1780624789.0342038,0.0,True,1024,1024,553,438,0.7920433996383364,431,0.779385171790235,0.4791666666666667,3.8203360163606703,0.0,3.600006103515625,447,0.8083182640144665
orb,temporal,431,2613.201601995,1780624789.0342038,0.1799994160001006,True,1024,1024,694,571,0.8227665706051873,571,0.8227665706051873,0.4791666666666667,3.5019810020457953,1.1999969482421875,nan,0,0.0
xfeat,stereo,440,2614.101615246,1780624789.9568272,0.0,True,1024,1024,597,355,0.5946398659966499,336,0.5628140703517588,0.75,4.03862600796856,1.0,3.0,440,0.7370184254606366
orb,stereo,440,2614.101615246,1780624789.9568272,0.0,True,1024,1024,550,408,0.7418181818181818,400,0.7272727272727273,0.5416666666666666,3.4331990173086524,2.288818359375e-05,4.0,426,0.7745454545454545
xfeat,stereo,441,2614.191603579,1780624790.0590973,0.0,True,1024,1024,611,420,0.6873977086743044,398,0.6513911620294599,0.75,3.4475130087230355,1.0,3.0,468,0.7659574468085106
xfeat,temporal,441,2614.191603579,1780624790.0590973,0.08998833299983744,True,1024,1024,641,418,0.6521060842433697,418,0.6521060842433697,0.7708333333333334,3.2650479988660663,1.0,nan,0,0.0
orb,stereo,441,2614.191603579,1780624790.0590973,0.0,True,1024,1024,571,431,0.7548161120840631,426,0.7460595446584939,0.4791666666666667,3.3014980144798756,0.0,4.0,450,0.7880910683012259
orb,temporal,441,2614.191603579,1780624790.0590973,0.08998833299983744,True,1024,1024,767,659,0.8591916558018253,659,0.8591916558018253,0.5208333333333334,4.013836005469784,1.20001220703125,nan,0,0.0
xfeat,stereo,450,2615.091610705,1780624790.9845307,0.0,True,1024,1024,581,367,0.6316695352839932,358,0.6161790017211703,0.75,3.9601360040251166,1.0,4.0,432,0.7435456110154905
orb,stereo,450,2615.091610705,1780624790.9845307,0.0,True,1024,1024,553,390,0.705244122965642,378,0.6835443037974683,0.4583333333333333,3.2637909753248096,0.49765777587890625,4.3199920654296875,412,0.7450271247739603
xfeat,stereo,451,2615.181614371,1780624791.090719,0.0,True,1024,1024,577,356,0.6169844020797227,340,0.5892547660311959,0.7708333333333334,3.6722960066981614,1.0,4.0,413,0.7157712305025996
xfeat,temporal,451,2615.181614371,1780624791.090719,0.09000366599957488,True,1024,1024,607,371,0.6112026359143328,371,0.6112026359143328,0.75,3.443533001700416,2.0,nan,0,0.0
orb,stereo,451,2615.181614371,1780624791.090719,0.0,True,1024,1024,541,405,0.7486136783733827,401,0.7412199630314233,0.4583333333333333,3.62013399717398,0.0,4.55999755859375,420,0.7763401109057301
orb,temporal,451,2615.181614371,1780624791.090719,0.09000366599957488,True,1024,1024,745,607,0.8147651006711409,607,0.8147651006711409,0.4583333333333333,3.1727320165373385,1.44000244140625,nan,0,0.0
xfeat,stereo,460,2616.171608872,1780624792.0077891,0.0,True,1024,1024,580,355,0.6120689655172413,328,0.5655172413793104,0.7291666666666666,2.8479509928729385,1.0,4.0,413,0.7120689655172414
orb,stereo,460,2616.171608872,1780624792.0077891,0.0,True,1024,1024,498,346,0.6947791164658634,341,0.6847389558232931,0.4791666666666667,3.967188997194171,0.44001007080078125,4.800018310546875,361,0.7248995983935743
xfeat,stereo,461,2616.261654247,1780624792.1101036,0.0,True,1024,1024,567,332,0.5855379188712522,319,0.562610229276896,0.75,3.9413520134985447,1.0,4.0,403,0.7107583774250441
xfeat,temporal,461,2616.261654247,1780624792.1101036,0.09004537500004517,True,1024,1024,590,324,0.5491525423728814,324,0.5491525423728814,0.75,2.768834005109966,3.0,nan,0,0.0
orb,stereo,461,2616.261654247,1780624792.1101036,0.0,True,1024,1024,487,320,0.6570841889117043,316,0.648870636550308,0.4791666666666667,3.435920982155949,0.600006103515625,4.9766387939453125,353,0.7248459958932238
orb,temporal,461,2616.261654247,1780624792.1101036,0.09004537500004517,True,1024,1024,702,578,0.8233618233618234,578,0.8233618233618234,0.5208333333333334,3.8958229997660965,2.985992431640625,nan,0,0.0
xfeat,stereo,470,2617.161630789,1780624793.0365689,0.0,True,1024,1024,590,335,0.5677966101694916,313,0.5305084745762711,0.7291666666666666,3.516366006806493,1.0,5.0,398,0.6745762711864407
orb,stereo,470,2617.161630789,1780624793.0365689,0.0,True,1024,1024,489,307,0.6278118609406953,301,0.6155419222903885,0.4583333333333333,4.290990997105837,0.7999992370605469,4.97662353515625,339,0.6932515337423313
xfeat,stereo,471,2617.251651414,1780624793.1390488,0.0,True,1024,1024,581,350,0.6024096385542169,331,0.5697074010327022,0.6875,3.224754997063428,1.0,5.0,433,0.7452667814113597
xfeat,temporal,471,2617.251651414,1780624793.1390488,0.09002062500030661,True,1024,1024,605,344,0.5685950413223141,344,0.5685950413223141,0.6666666666666666,2.983421989483759,2.0,nan,0,0.0
orb,stereo,471,2617.251651414,1780624793.1390488,0.0,True,1024,1024,475,310,0.6526315789473685,307,0.6463157894736842,0.4583333333333333,3.0501100118272007,0.519989013671875,4.79998779296875,327,0.6884210526315789
orb,temporal,471,2617.251651414,1780624793.1390488,0.09002062500030661,True,1024,1024,714,569,0.7969187675070029,569,0.7969187675070029,0.5,3.4572890144772828,1.727996826171875,nan,0,0.0
xfeat,stereo,480,2618.15162579,1780624794.0606618,0.0,True,1024,1024,630,432,0.6857142857142857,418,0.6634920634920635,0.5416666666666666,3.2723789918236434,1.0,5.0,506,0.8031746031746032
orb,stereo,480,2618.15162579,1780624794.0606618,0.0,True,1024,1024,504,333,0.6607142857142857,324,0.6428571428571429,0.375,3.2593910000286996,0.0,5.0,369,0.7321428571428571
xfeat,stereo,481,2618.331621415,1780624794.1616068,0.0,True,1024,1024,629,395,0.6279809220985691,384,0.6104928457869634,0.6041666666666666,3.571880020899698,1.0,5.0,472,0.7503974562798092
xfeat,temporal,481,2618.331621415,1780624794.1616068,0.1799956250001742,True,1024,1024,618,438,0.7087378640776699,438,0.7087378640776699,0.7083333333333334,3.3909499761648476,1.0,nan,0,0.0
orb,stereo,481,2618.331621415,1780624794.1616068,0.0,True,1024,1016,496,304,0.6129032258064516,286,0.5766129032258065,0.3541666666666667,3.6593080149032176,0.31679344177246094,5.0,350,0.7056451612903226
orb,temporal,481,2618.331621415,1780624794.1616068,0.1799956250001742,True,1024,1024,713,606,0.8499298737727911,606,0.8499298737727911,0.4791666666666667,3.053461987292394,0.600006103515625,nan,0,0.0
xfeat,stereo,490,2619.231633707,1780624795.0792172,0.0,True,1024,1024,612,425,0.6944444444444444,410,0.6699346405228758,0.75,3.9891150081530213,1.0,5.0,469,0.7663398692810458
orb,stereo,490,2619.231633707,1780624795.0792172,0.0,True,1024,1024,485,360,0.7422680412371134,358,0.7381443298969073,0.4583333333333333,3.466857015155256,0.0,3.0,384,0.7917525773195876
xfeat,stereo,491,2619.321627082,1780624795.1814806,0.0,True,1024,1024,618,404,0.6537216828478964,391,0.6326860841423948,0.75,3.743453009519726,1.0,4.0,455,0.7362459546925566
xfeat,temporal,491,2619.321627082,1780624795.1814806,0.08999337499972171,True,1024,1024,604,374,0.6192052980132451,374,0.6192052980132451,0.6666666666666666,3.133418009383604,2.0,nan,0,0.0
orb,stereo,491,2619.321627082,1780624795.1814806,0.0,True,1024,1024,510,382,0.7490196078431373,379,0.7431372549019608,0.5208333333333334,3.9458209939766675,0.0,3.5831756591796875,391,0.7666666666666667
orb,temporal,491,2619.321627082,1780624795.1814806,0.08999337499972171,True,1024,1024,642,558,0.8691588785046729,558,0.8691588785046729,0.5416666666666666,3.521673002978787,2.0736007690429688,nan,0,0.0
xfeat,stereo,500,2620.221624874,1780624796.101534,0.0,False,1024,1024,588,325,0.5527210884353742,307,0.5221088435374149,0.6458333333333334,3.1026929791551083,1.0,5.0,403,0.685374149659864
orb,stereo,500,2620.221624874,1780624796.101534,0.0,False,1024,1024,445,306,0.6876404494382022,305,0.6853932584269663,0.4791666666666667,3.8567179872188717,7.62939453125e-06,4.976654052734375,317,0.7123595505617978
xfeat,stereo,501,2620.311640082,1780624796.2034407,0.0,True,1024,1024,579,331,0.5716753022452504,323,0.5578583765112263,0.625,3.7255770002957433,1.0,5.0,426,0.7357512953367875
xfeat,temporal,501,2620.311640082,1780624796.2034407,0.09001520799984064,True,1024,1024,595,333,0.5596638655462185,333,0.5596638655462185,0.8125,3.068336023716256,2.0,nan,0,0.0
orb,stereo,501,2620.311640082,1780624796.2034407,0.0,True,1024,1024,437,260,0.5949656750572082,246,0.562929061784897,0.3958333333333333,3.93716202233918,0.414764404296875,4.32000732421875,290,0.6636155606407322
orb,temporal,501,2620.311640082,1780624796.2034407,0.09001520799984064,True,1024,1024,652,542,0.8312883435582822,542,0.8312883435582822,0.625,3.432430006796494,0.2639961242675781,nan,0,0.0
xfeat,stereo,510,2621.211645708,1780624797.1259675,0.0,False,1024,1024,536,352,0.6567164179104478,341,0.6361940298507462,0.7291666666666666,4.948581976350397,1.0,6.0,399,0.7444029850746269
orb,stereo,510,2621.211645708,1780624797.1259675,0.0,False,1024,1024,507,366,0.7218934911242604,359,0.7080867850098619,0.4166666666666667,3.462247987044975,0.0,3.4560089111328125,378,0.7455621301775148
xfeat,stereo,511,2621.391656083,1780624797.2270277,0.0,False,1024,1024,550,375,0.6818181818181818,364,0.6618181818181819,0.7708333333333334,4.357887984951958,1.0,6.0,410,0.7454545454545455
xfeat,temporal,511,2621.391656083,1780624797.2270277,0.18001037499971062,False,1024,1024,568,322,0.5669014084507042,322,0.5669014084507042,0.7708333333333334,3.3393460034858435,2.0,nan,0,0.0
orb,stereo,511,2621.391656083,1780624797.2270277,0.0,False,1024,1024,530,380,0.7169811320754716,372,0.7018867924528301,0.4583333333333333,3.5937379871029407,0.0,2.985992431640625,391,0.7377358490566037
orb,temporal,511,2621.391656083,1780624797.2270277,0.18001037499971062,False,1024,1024,641,500,0.7800312012480499,500,0.7800312012480499,0.4583333333333333,3.0151949904393405,1.0,nan,0,0.0
xfeat,stereo,520,2622.291640458,1780624798.1497433,0.0,False,1024,1024,560,359,0.6410714285714286,348,0.6214285714285714,0.8125,3.84470698190853,1.0,5.0,397,0.7089285714285715
orb,stereo,520,2622.291640458,1780624798.1497433,0.0,False,1024,1024,540,408,0.7555555555555555,401,0.7425925925925926,0.375,2.878676983527839,0.0,2.9859619140625,424,0.7851851851851852
xfeat,stereo,521,2622.381647208,1780624798.2530708,0.0,False,1024,1024,584,383,0.6558219178082192,372,0.636986301369863,0.8125,4.551807011011988,1.0,6.0,437,0.7482876712328768
xfeat,temporal,521,2622.381647208,1780624798.2530708,0.09000674999970215,False,1024,1024,594,333,0.5606060606060606,333,0.5606060606060606,0.8333333333333334,3.7336770037654787,2.0,nan,0,0.0
orb,stereo,521,2622.381647208,1780624798.2530708,0.0,False,1024,1024,538,419,0.7788104089219331,415,0.7713754646840149,0.375,3.0691729916725308,0.0,2.985992431640625,443,0.8234200743494424
orb,temporal,521,2622.381647208,1780624798.2530708,0.09000674999970215,False,1024,1024,636,523,0.8223270440251572,523,0.8223270440251572,0.5,2.4683550000190735,1.44000244140625,nan,0,0.0
xfeat,stereo,530,2623.281631334,1780624799.1731071,0.0,False,1024,1024,598,405,0.677257525083612,398,0.6655518394648829,0.7708333333333334,3.5499540099408478,1.0,6.0,469,0.7842809364548495
orb,stereo,530,2623.281631334,1780624799.1731071,0.0,False,1008,1014,489,323,0.6605316973415133,289,0.591002044989775,0.3333333333333333,4.1939980001188815,0.480010986328125,4.800018310546875,343,0.7014314928425358
xfeat,stereo,531,2623.371634875,1780624799.2769582,0.0,False,1024,1024,624,428,0.6858974358974359,420,0.6730769230769231,0.7916666666666666,3.2512200123164803,1.0,6.0,493,0.7900641025641025
xfeat,temporal,531,2623.371634875,1780624799.2769582,0.09000354099998731,False,1024,1024,586,364,0.621160409556314,364,0.621160409556314,0.8333333333333334,2.861638000467792,4.0,nan,0,0.0
orb,stereo,531,2623.371634875,1780624799.2769582,0.0,False,1011,1015,484,300,0.6198347107438017,260,0.5371900826446281,0.4375,3.434455022215843,0.720001220703125,4.79998779296875,319,0.6590909090909091
orb,temporal,531,2623.371634875,1780624799.2769582,0.09000354099998731,False,1008,1011,610,491,0.8049180327868852,491,0.8049180327868852,0.3958333333333333,3.8398890173994005,2.8799972534179688,nan,0,0.0
xfeat,stereo,540,2624.361630126,1780624800.1954896,0.0,True,1024,1024,627,399,0.6363636363636364,377,0.6012759170653907,0.7083333333333334,4.760598996654153,1.0,7.0,508,0.810207336523126
orb,stereo,540,2624.361630126,1780624800.1954896,0.0,True,1010,1018,488,360,0.7377049180327869,356,0.7295081967213115,0.3958333333333333,4.048750008223578,0.0,5.971954345703125,376,0.7704918032786885
xfeat,stereo,541,2624.451647501,1780624800.2977748,0.0,True,1024,1024,619,378,0.6106623586429726,360,0.5815831987075929,0.7708333333333334,3.2681190059520304,1.0,7.0,489,0.789983844911147
xfeat,temporal,541,2624.451647501,1780624800.2977748,0.09001737500011586,True,1024,1024,605,387,0.6396694214876033,387,0.6396694214876033,0.7083333333333334,2.959331002784893,3.0,nan,0,0.0
orb,stereo,541,2624.451647501,1780624800.2977748,0.0,True,1014,1011,507,393,0.7751479289940828,386,0.7613412228796844,0.4166666666666667,3.785560984397307,0.0,5.971954345703125,397,0.7830374753451677
orb,temporal,541,2624.451647501,1780624800.2977748,0.09001737500011586,True,1010,1014,632,455,0.7199367088607594,455,0.7199367088607594,0.375,3.4561030042823404,2.4000015258789062,nan,0,0.0
xfeat,stereo,550,2625.351641793,1780624801.2176945,0.0,True,1024,1024,628,433,0.6894904458598726,429,0.6831210191082803,0.7708333333333334,3.7514139839913696,1.0,8.0,502,0.7993630573248408
orb,stereo,550,2625.351641793,1780624801.2176945,0.0,True,1001,1005,519,400,0.7707129094412332,397,0.7649325626204239,0.3333333333333333,3.2208449847530574,0.0,2.0,418,0.8053949903660886
xfeat,stereo,551,2625.441641585,1780624801.3226159,0.0,True,1024,1024,622,431,0.6929260450160771,426,0.684887459807074,0.6875,3.9687950047664344,1.0,8.0,495,0.7958199356913184
xfeat,temporal,551,2625.441641585,1780624801.3226159,0.08999979200007147,True,1024,1024,606,383,0.6320132013201321,383,0.6320132013201321,0.7291666666666666,2.7666699897963554,2.0,nan,0,0.0
orb,stereo,551,2625.441641585,1780624801.3226159,0.0,True,999,1006,570,452,0.7929824561403509,445,0.7807017543859649,0.3333333333333333,3.57795599848032,0.0,1.72802734375,460,0.8070175438596491
orb,temporal,551,2625.441641585,1780624801.3226159,0.08999979200007147,True,1001,999,626,508,0.8115015974440895,508,0.8115015974440895,0.375,3.621948999352753,1.20001220703125,nan,0,0.0
xfeat,stereo,560,2626.341651877,1780624802.251601,0.0,True,1024,1024,656,434,0.6615853658536586,424,0.6463414634146342,0.7083333333333334,5.09271101327613,1.0,8.0,543,0.8277439024390244
orb,stereo,560,2626.341651877,1780624802.251601,0.0,True,944,955,553,424,0.7667269439421338,420,0.759493670886076,0.3125,2.9770669934805483,0.0,2.0,455,0.8227848101265823
xfeat,stereo,561,2626.521639835,1780624802.3526082,0.0,True,1024,1024,635,457,0.7196850393700788,450,0.7086614173228346,0.75,4.436518007423729,1.0,8.0,527,0.8299212598425196
xfeat,temporal,561,2626.521639835,1780624802.3526082,0.179987957999856,True,1024,1024,581,333,0.5731497418244407,333,0.5731497418244407,0.7291666666666666,3.286205988842994,3.0,nan,0,0.0
orb,stereo,561,2626.521639835,1780624802.3526082,0.0,True,868,882,438,331,0.7557077625570776,329,0.7511415525114156,0.3333333333333333,2.3173129884526134,0.0,7.0,338,0.771689497716895
orb,temporal,561,2626.521639835,1780624802.3526082,0.179987957999856,True,944,868,324,222,0.6851851851851852,222,0.6851851851851852,0.3541666666666667,2.732522989390418,4.0,nan,0,0.0
xfeat,stereo,570,2627.421649586,1780624803.2718525,0.0,True,1024,1024,637,459,0.7205651491365777,456,0.7158555729984302,0.6875,3.0804859998170286,1.0,12.5,538,0.8445839874411303
orb,stereo,570,2627.421649586,1780624803.2718525,0.0,True,734,684,368,337,0.9157608695652174,336,0.9130434782608695,0.4583333333333333,2.1288410061970353,0.0,9.0,343,0.9320652173913043
xfeat,stereo,571,2627.511643836,1780624803.374783,0.0,True,1024,1024,635,460,0.7244094488188977,457,0.7196850393700788,0.7291666666666666,3.726345021277666,1.0,18.0,535,0.84251968503937
xfeat,temporal,571,2627.511643836,1780624803.374783,0.08999425000001793,True,1024,1024,615,393,0.6390243902439025,393,0.6390243902439025,0.7083333333333334,3.1087670067790896,5.0,nan,0,0.0
orb,stereo,571,2627.511643836,1780624803.374783,0.0,True,739,676,365,331,0.9068493150684932,328,0.8986301369863013,0.5,1.9890420080628246,0.0,9.5999755859375,337,0.9232876712328767
orb,temporal,571,2627.511643836,1780624803.374783,0.08999425000001793,True,734,739,410,367,0.8951219512195122,367,0.8951219512195122,0.4791666666666667,1.8047599878627807,3.5999984741210938,nan,0,0.0
xfeat,stereo,580,2628.411645336,1780624804.2975788,0.0,True,1024,1024,652,485,0.7438650306748467,483,0.74079754601227,0.625,3.842262987745926,1.0,19.5,552,0.8466257668711656
orb,stereo,580,2628.411645336,1780624804.2975788,0.0,True,763,727,385,346,0.8987012987012987,346,0.8987012987012987,0.4583333333333333,2.1302379900589585,0.0,13.199996948242188,360,0.935064935064935
xfeat,stereo,581,2628.501648336,1780624804.3982632,0.0,True,1024,1024,639,479,0.7496087636932708,477,0.7464788732394366,0.6041666666666666,3.633471002103761,1.0,19.0,541,0.8466353677621283
xfeat,temporal,581,2628.501648336,1780624804.3982632,0.09000299999979688,True,1024,1024,606,370,0.6105610561056105,370,0.6105610561056105,0.6041666666666666,2.7884570008609444,6.0,nan,0,0.0
orb,stereo,581,2628.501648336,1780624804.3982632,0.0,True,788,758,399,330,0.8270676691729323,328,0.8220551378446115,0.4791666666666667,2.1279329957906157,0.0,14.399993896484375,368,0.9223057644110275
orb,temporal,581,2628.501648336,1780624804.3982632,0.09000299999979688,True,763,788,408,340,0.8333333333333334,340,0.8333333333333334,0.5208333333333334,1.6279499977827072,2.879974365234375,nan,0,0.0
xfeat,stereo,590,2629.401658545,1780624805.3247342,0.0,True,1024,1024,611,450,0.7364975450081833,449,0.734860883797054,0.6041666666666666,3.4202100068796426,1.0,28.0,507,0.8297872340425532
orb,stereo,590,2629.401658545,1780624805.3247342,0.0,True,789,765,358,309,0.8631284916201117,307,0.8575418994413407,0.5,2.0510499889496714,0.0,20.4000244140625,339,0.946927374301676
xfeat,stereo,591,2629.58165292,1780624805.4266376,0.0,True,1024,1024,640,447,0.6984375,444,0.69375,0.5625,3.413715021451935,1.0,26.0,518,0.809375
xfeat,temporal,591,2629.58165292,1780624805.4266376,0.17999437500020576,True,1024,1024,546,319,0.5842490842490843,319,0.5842490842490843,0.5208333333333334,3.1346040195785463,11.0,nan,0,0.0
orb,stereo,591,2629.58165292,1780624805.4266376,0.0,True,805,784,411,363,0.8832116788321168,360,0.8759124087591241,0.5833333333333334,2.4065560137387365,0.0,14.400009155273438,374,0.9099756690997567
orb,temporal,591,2629.58165292,1780624805.4266376,0.17999437500020576,True,789,805,299,212,0.7090301003344481,212,0.7090301003344481,0.375,2.31877900660038,6.220802307128906,nan,0,0.0
xfeat,stereo,600,2630.48165092,1780624806.3490486,0.0,True,1024,1024,612,440,0.7189542483660131,438,0.7156862745098039,0.6666666666666666,4.702221020124853,1.0,22.0,498,0.8137254901960784
orb,stereo,600,2630.48165092,1780624806.3490486,0.0,True,766,665,356,319,0.8960674157303371,317,0.8904494382022472,0.5208333333333334,1.6730600036680698,0.0,18.0,332,0.9325842696629213
xfeat,stereo,601,2630.571658754,1780624806.453247,0.0,True,1024,1024,617,400,0.6482982171799028,398,0.6450567260940032,0.6041666666666666,4.4337940053083,1.0,25.0,488,0.7909238249594813
xfeat,temporal,601,2630.571658754,1780624806.453247,0.09000783400006185,True,1024,1024,585,350,0.5982905982905983,350,0.5982905982905983,0.6041666666666666,3.237253986299038,7.0,nan,0,0.0
orb,stereo,601,2630.571658754,1780624806.453247,0.0,True,764,695,359,327,0.9108635097493036,327,0.9108635097493036,0.5208333333333334,2.360607002628967,0.0,18.720001220703125,335,0.9331476323119777
orb,temporal,601,2630.571658754,1780624806.453247,0.09000783400006185,True,766,764,403,298,0.739454094292804,298,0.739454094292804,0.375,2.473733009537682,2.8800048828125,nan,0,0.0
xfeat,stereo,610,2631.471649421,1780624807.370939,0.0,True,1024,1024,605,407,0.6727272727272727,406,0.6710743801652893,0.6458333333333334,4.1300329903606325,1.0,32.0,476,0.7867768595041322
orb,stereo,610,2631.471649421,1780624807.370939,0.0,True,777,595,324,257,0.7932098765432098,256,0.7901234567901234,0.4375,1.3020529877394438,0.0,29.0,282,0.8703703703703703
xfeat,stereo,611,2631.561670921,1780624807.475947,0.0,True,1024,1024,574,407,0.7090592334494773,407,0.7090592334494773,0.6458333333333334,3.6260689957998693,1.0,33.0,470,0.818815331010453
xfeat,temporal,611,2631.561670921,1780624807.475947,0.09002149999969333,True,1024,1024,587,380,0.6473594548551959,380,0.6473594548551959,0.6041666666666666,3.210021008271724,5.0,nan,0,0.0
orb,stereo,611,2631.561670921,1780624807.475947,0.0,True,882,747,383,319,0.8328981723237598,318,0.8302872062663186,0.5416666666666666,2.208588004577905,0.0,29.859848022460938,335,0.8746736292428199
orb,temporal,611,2631.561670921,1780624807.475947,0.09002149999969333,True,777,882,475,390,0.8210526315789474,390,0.8210526315789474,0.5416666666666666,2.8957850008737296,2.985992431640625,nan,0,0.0
xfeat,stereo,620,2632.551758046,1780624808.395844,0.0,True,1024,1024,553,401,0.7251356238698011,400,0.7233273056057866,0.625,3.1804830068722367,1.0,32.0,467,0.8444846292947559
orb,stereo,620,2632.551758046,1780624808.395844,0.0,True,901,780,424,347,0.8183962264150944,347,0.8183962264150944,0.5833333333333334,2.281629014760256,0.0,30.274551391601562,363,0.8561320754716981
xfeat,stereo,621,2632.64166563,1780624808.4978848,0.0,True,1024,1024,563,399,0.7087033747779752,398,0.7069271758436945,0.625,3.291722998255864,1.0,32.0,464,0.8241563055062167
xfeat,temporal,621,2632.64166563,1780624808.4978848,0.08990758399977494,True,1024,1024,748,662,0.8850267379679144,662,0.8850267379679144,0.6875,3.2209850032813847,0.0,nan,0,0.0
orb,stereo,621,2632.64166563,1780624808.4978848,0.0,True,899,786,427,357,0.8360655737704918,356,0.8337236533957846,0.5833333333333334,2.0453240140341222,0.0,31.052001953125,372,0.8711943793911007
orb,temporal,621,2632.64166563,1780624808.4978848,0.08990758399977494,True,901,899,776,765,0.9858247422680413,765,0.9858247422680413,0.6041666666666666,2.167457016184926,0.0,nan,0,0.0
xfeat,stereo,630,2633.541655214,1780624809.4205434,0.0,True,1024,1024,595,387,0.6504201680672269,386,0.6487394957983194,0.625,3.4658790100365877,1.0,33.0,470,0.7899159663865546
orb,stereo,630,2633.541655214,1780624809.4205434,0.0,True,895,780,416,344,0.8269230769230769,341,0.8197115384615384,0.5208333333333334,2.3495049972552806,0.0,30.240005493164062,354,0.8509615384615384
xfeat,stereo,631,2633.631673172,1780624809.521762,0.0,True,1024,1024,565,396,0.7008849557522124,396,0.7008849557522124,0.6458333333333334,3.8468019920401275,1.0,32.0,460,0.8141592920353983
xfeat,temporal,631,2633.631673172,1780624809.521762,0.09001795799986212,True,1024,1024,749,678,0.9052069425901201,678,0.9052069425901201,0.7083333333333334,3.6071450158488005,0.0,nan,0,0.0
orb,stereo,631,2633.631673172,1780624809.521762,0.0,True,904,767,413,346,0.837772397094431,343,0.8305084745762712,0.5625,2.186172001529485,0.0,31.052001953125,360,0.8716707021791767
orb,temporal,631,2633.631673172,1780624809.521762,0.09001795799986212,True,895,904,767,762,0.9934810951760105,762,0.9934810951760105,0.6041666666666666,2.7443939761724323,0.0,nan,0,0.0
xfeat,stereo,640,2634.531667381,1780624810.4427276,0.0,True,1024,1024,574,380,0.662020905923345,373,0.6498257839721254,0.5833333333333334,3.2820850028656423,1.0,32.0,471,0.8205574912891986
orb,stereo,640,2634.531667381,1780624810.4427276,0.0,True,903,766,419,355,0.847255369928401,354,0.8448687350835322,0.5416666666666666,1.9139040086884052,0.0,30.240005493164062,366,0.8735083532219571
xfeat,stereo,641,2634.621663297,1780624810.5429134,0.0,True,1024,1024,565,391,0.6920353982300885,391,0.6920353982300885,0.6458333333333334,4.276327003026381,1.0,32.0,454,0.8035398230088495
xfeat,temporal,641,2634.621663297,1780624810.5429134,0.08999591600013446,True,1024,1024,747,657,0.8795180722891566,657,0.8795180722891566,0.6875,2.9857959889341146,0.0,nan,0,0.0
orb,stereo,641,2634.621663297,1780624810.5429134,0.0,True,910,772,403,340,0.8436724565756824,339,0.8411910669975186,0.5625,2.2691990016028285,0.0,31.0,353,0.8759305210918115
orb,temporal,641,2634.621663297,1780624810.5429134,0.08999591600013446,True,903,910,768,763,0.9934895833333334,763,0.9934895833333334,0.5833333333333334,2.447057020617649,0.0,nan,0,0.0
