index,left_x,left_y,right_x,depth,octave,response,valid_depth
0,287.000000,371.000000,-1.000000,-1.000000,0,18.000000,0
1,246.000000,388.000000,-1.000000,-1.000000,0,13.000000,0
2,285.000000,352.000000,-1.000000,-1.000000,0,11.000000,0
3,246.000000,346.000000,-1.000000,-1.000000,0,10.000000,0
4,221.000000,511.000000,-1.000000,-1.000000,0,25.000000,0
5,187.000000,507.000000,-1.000000,-1.000000,0,33.000000,0
6,238.000000,483.000000,-1.000000,-1.000000,0,41.000000,0
7,185.000000,483.000000,-1.000000,-1.000000,0,38.000000,0
8,460.000000,450.000000,-1.000000,-1.000000,0,34.000000,0
9,422.000000,450.000000,-1.000000,-1.000000,0,20.000000,0
10,442.000000,409.000000,-1.000000,-1.000000,0,19.000000,0
11,399.000000,416.000000,-1.000000,-1.000000,0,14.000000,0
12,79.000000,57.000000,-1.000000,-1.000000,0,17.000000,0
13,35.000000,67.000000,-1.000000,-1.000000,0,19.000000,0
14,89.000000,33.000000,-1.000000,-1.000000,0,19.000000,0
15,35.000000,40.000000,-1.000000,-1.000000,0,25.000000,0
16,74.000000,184.000000,-1.000000,-1.000000,0,115.000000,0
17,44.000000,200.000000,-1.000000,-1.000000,0,127.000000,0
18,74.000000,168.000000,-1.000000,-1.000000,0,66.000000,0
19,27.000000,168.000000,22.774075,4.169314,0,161.000000,1
20,435.000000,264.000000,-1.000000,-1.000000,0,34.000000,0
21,399.000000,247.000000,-1.000000,-1.000000,0,43.000000,0
22,455.000000,212.000000,448.864868,2.871855,0,148.000000,1
23,404.000000,224.000000,-1.000000,-1.000000,0,85.000000,0
24,214.000000,141.000000,213.918259,215.548370,0,106.000000,1
25,197.000000,137.000000,195.878128,15.705189,0,130.000000,1
26,206.000000,82.000000,-1.000000,-1.000000,0,133.000000,0
27,195.000000,92.000000,193.901047,16.032721,0,133.000000,1
28,386.000000,182.000000,385.200745,22.044533,0,110.000000,1
29,327.000000,178.000000,326.095184,19.472708,0,53.000000,1
30,387.000000,146.000000,-1.000000,-1.000000,0,123.000000,0
31,334.000000,171.000000,-1.000000,-1.000000,0,57.000000,0
32,142.000000,188.000000,139.013916,5.900441,0,98.000000,1
33,127.000000,186.000000,-1.000000,-1.000000,0,70.000000,0
34,145.000000,150.000000,-1.000000,-1.000000,0,29.000000,0
35,115.000000,172.000000,113.137062,9.457755,0,96.000000,1
36,84.000000,266.000000,79.907753,4.305510,0,73.000000,1
37,53.000000,267.000000,48.715103,4.111934,0,67.000000,1
38,58.000000,223.000000,-1.000000,-1.000000,0,119.000000,0
39,46.000000,217.000000,-1.000000,-1.000000,0,113.000000,0
40,319.000000,204.000000,-1.000000,-1.000000,0,75.000000,0
41,261.000000,206.000000,-1.000000,-1.000000,0,92.000000,0
42,300.000000,172.000000,299.213715,22.408163,0,72.000000,1
43,263.000000,170.000000,262.026581,18.100332,0,70.000000,1
44,521.000000,259.000000,-1.000000,-1.000000,0,38.000000,0
45,477.000000,261.000000,465.311554,1.507404,0,66.000000,1
46,514.000000,210.000000,-1.000000,-1.000000,0,76.000000,0
47,480.000000,208.000000,-1.000000,-1.000000,0,107.000000,0
48,447.000000,64.000000,-1.000000,-1.000000,0,148.000000,0
49,413.000000,50.000000,-1.000000,-1.000000,0,117.000000,0
50,435.000000,40.000000,-1.000000,-1.000000,0,175.000000,0
51,422.000000,40.000000,-1.000000,-1.000000,0,159.000000,0
52,513.000000,128.000000,-1.000000,-1.000000,0,71.000000,0
53,480.000000,129.000000,-1.000000,-1.000000,0,113.000000,0
54,544.000000,99.000000,-1.000000,-1.000000,0,49.000000,0
55,482.000000,81.000000,-1.000000,-1.000000,0,143.000000,0
56,620.000000,116.000000,-1.000000,-1.000000,0,129.000000,0
57,574.000000,142.000000,-1.000000,-1.000000,0,80.000000,0
58,617.000000,108.000000,614.889099,8.346773,0,139.000000,1
59,568.000000,109.000000,-1.000000,-1.000000,0,52.000000,0
60,471.000000,376.000000,-1.000000,-1.000000,0,43.000000,0
61,433.000000,391.000000,-1.000000,-1.000000,0,13.000000,0
62,456.000000,356.000000,430.133698,0.681165,0,54.000000,1
63,425.000000,354.000000,-1.000000,-1.000000,0,46.000000,0
64,375.000000,142.000000,374.103790,19.659697,0,131.000000,1
65,333.000000,127.000000,332.056061,18.665621,0,124.000000,1
66,394.000000,86.000000,-1.000000,-1.000000,0,120.000000,0
67,347.000000,104.000000,-1.000000,-1.000000,0,76.000000,0
68,211.000000,203.000000,-1.000000,-1.000000,0,95.000000,0
69,178.000000,192.000000,-1.000000,-1.000000,0,92.000000,0
70,216.000000,146.000000,215.724228,63.890480,0,115.000000,1
71,200.000000,152.000000,198.904160,16.078262,0,91.000000,1
72,592.000000,260.000000,-1.000000,-1.000000,0,39.000000,0
73,579.000000,263.000000,-1.000000,-1.000000,0,42.000000,0
74,618.000000,220.000000,-1.000000,-1.000000,0,98.000000,0
75,552.000000,212.000000,-1.000000,-1.000000,0,126.000000,0
76,209.000000,58.000000,204.970657,4.372726,0,129.000000,1
77,175.000000,72.000000,-1.000000,-1.000000,0,95.000000,0
78,242.000000,28.000000,237.701965,4.099365,0,55.000000,1
79,192.000000,38.000000,-1.000000,-1.000000,0,126.000000,0
80,616.000000,327.000000,-1.000000,-1.000000,0,57.000000,0
81,568.000000,308.000000,539.467407,0.617512,0,56.000000,1
82,600.000000,295.000000,-1.000000,-1.000000,0,58.000000,0
83,562.000000,282.000000,-1.000000,-1.000000,0,72.000000,0
84,618.000000,72.000000,-1.000000,-1.000000,0,66.000000,0
85,570.000000,60.000000,-1.000000,-1.000000,0,42.000000,0
86,592.000000,19.000000,-1.000000,-1.000000,0,86.000000,0
87,563.000000,30.000000,-1.000000,-1.000000,0,121.000000,0
88,519.000000,330.000000,486.800629,0.547191,0,72.000000,1
89,484.000000,305.000000,-1.000000,-1.000000,0,56.000000,0
90,513.000000,273.000000,-1.000000,-1.000000,0,46.000000,0
91,490.000000,301.000000,467.335754,0.777401,0,56.000000,1
92,374.000000,58.000000,-1.000000,-1.000000,0,137.000000,0
93,349.000000,59.000000,-1.000000,-1.000000,0,98.000000,0
94,389.000000,44.000000,385.614105,5.203709,0,157.000000,1
95,354.000000,45.000000,-1.000000,-1.000000,0,126.000000,0
96,438.000000,129.000000,-1.000000,-1.000000,0,133.000000,0
97,419.000000,112.000000,-1.000000,-1.000000,0,130.000000,0
98,438.000000,107.000000,-1.000000,-1.000000,0,123.000000,0
99,418.000000,102.000000,-1.000000,-1.000000,0,148.000000,0
100,297.000000,58.000000,-1.000000,-1.000000,0,106.000000,0
101,277.000000,57.000000,273.298492,4.760009,0,99.000000,1
102,282.000000,21.000000,-1.000000,-1.000000,0,78.000000,0
103,273.000000,45.000000,-1.000000,-1.000000,0,84.000000,0
104,516.000000,48.000000,-1.000000,-1.000000,0,74.000000,0
105,474.000000,49.000000,-1.000000,-1.000000,0,156.000000,0
106,528.000000,30.000000,-1.000000,-1.000000,0,172.000000,0
107,490.000000,40.000000,-1.000000,-1.000000,0,139.000000,0
108,610.000000,432.000000,-1.000000,-1.000000,0,46.000000,0
109,577.000000,433.000000,538.377563,0.456191,0,37.000000,1
110,618.000000,426.000000,-1.000000,-1.000000,0,58.000000,0
111,566.000000,407.000000,528.807129,0.473725,0,67.000000,1
112,547.000000,205.000000,545.661560,13.163991,0,117.000000,1
113,475.000000,205.000000,-1.000000,-1.000000,0,129.000000,0
114,534.000000,172.000000,532.669312,13.240673,0,90.000000,1
115,502.000000,170.000000,500.886993,15.830285,0,118.000000,1
116,463.000000,331.000000,-1.000000,-1.000000,0,54.000000,0
117,419.000000,321.000000,-1.000000,-1.000000,0,51.000000,0
118,436.000000,295.000000,416.195282,0.889647,0,41.000000,1
119,413.000000,297.000000,-1.000000,-1.000000,0,49.000000,0
120,318.000000,122.000000,317.099304,19.561777,0,119.000000,1
121,280.000000,122.000000,279.132477,20.309788,0,88.000000,1
122,303.000000,87.000000,-1.000000,-1.000000,0,104.000000,0
123,280.000000,108.000000,-1.000000,-1.000000,0,98.000000,0
124,614.000000,178.000000,-1.000000,-1.000000,0,139.000000,0
125,562.000000,198.000000,-1.000000,-1.000000,0,149.000000,0
126,605.000000,157.000000,-1.000000,-1.000000,0,137.000000,0
127,567.000000,145.000000,-1.000000,-1.000000,0,101.000000,0
128,470.000000,186.000000,-1.000000,-1.000000,0,102.000000,0
129,407.000000,193.000000,-1.000000,-1.000000,0,88.000000,0
130,470.000000,173.000000,-1.000000,-1.000000,0,91.000000,0
131,433.000000,163.000000,-1.000000,-1.000000,0,148.000000,0
132,516.000000,374.000000,-1.000000,-1.000000,0,65.000000,0
133,497.000000,370.000000,466.974396,0.586806,0,62.000000,1
134,516.000000,353.000000,-1.000000,-1.000000,0,68.000000,0
135,490.000000,342.000000,-1.000000,-1.000000,0,62.000000,0
136,610.000000,396.000000,-1.000000,-1.000000,0,88.000000,0
137,553.000000,380.000000,-1.000000,-1.000000,0,74.000000,0
138,605.000000,356.000000,-1.000000,-1.000000,0,61.000000,0
139,560.000000,348.000000,523.260620,0.479573,0,56.000000,1
140,395.000000,340.000000,-1.000000,-1.000000,0,42.000000,0
141,386.000000,317.000000,-1.000000,-1.000000,0,40.000000,0
142,411.000000,486.000000,-1.000000,-1.000000,0,39.000000,0
143,332.000000,496.000000,-1.000000,-1.000000,0,47.000000,0
144,325.000000,446.000000,284.096497,0.430751,0,28.000000,1
145,565.000000,485.000000,-1.000000,-1.000000,0,31.000000,0
146,544.000000,482.000000,-1.000000,-1.000000,0,37.000000,0
147,534.000000,402.000000,500.079590,0.519428,0,67.000000,1
148,160.000000,349.000000,-1.000000,-1.000000,0,17.000000,0
149,36.000000,376.000000,-1.000000,-1.000000,0,25.000000,0
150,95.000000,274.000000,-1.000000,-1.000000,0,52.000000,0
151,84.000000,276.000000,79.933243,4.332497,0,97.000000,1
152,178.000000,392.000000,-1.000000,-1.000000,0,26.000000,0
153,263.000000,282.000000,-1.000000,-1.000000,0,21.000000,0
154,194.000000,330.000000,178.277771,1.120656,0,13.000000,1
155,121.000000,511.000000,-1.000000,-1.000000,0,41.000000,0
156,63.000000,476.000000,-1.000000,-1.000000,0,42.000000,0
157,116.000000,400.000000,85.229561,0.572602,0,32.000000,1
158,61.000000,444.000000,20.413136,0.434111,0,46.000000,1
159,267.000000,491.000000,216.171082,0.346638,0,32.000000,1
160,260.000000,453.000000,-1.000000,-1.000000,0,37.000000,0
161,225.000000,462.000000,-1.000000,-1.000000,0,38.000000,0
162,387.000000,208.000000,385.743530,14.022790,0,73.000000,1
163,145.000000,142.000000,143.705917,13.615213,0,82.000000,1
164,36.000000,94.000000,-1.000000,-1.000000,0,33.000000,0
165,160.000000,25.000000,-1.000000,-1.000000,0,99.000000,0
166,95.000000,210.000000,-1.000000,-1.000000,0,130.000000,0
167,303.000000,217.000000,-1.000000,-1.000000,0,95.000000,0
168,215.000000,224.000000,213.770966,14.335815,0,140.000000,1
169,615.600037,326.400024,-1.000000,-1.000000,1,60.000000,0
170,567.600037,307.200012,539.097229,0.618157,1,50.000000,1
171,600.000000,295.200012,-1.000000,-1.000000,1,33.000000,0
172,561.600037,282.000000,-1.000000,-1.000000,1,59.000000,0
173,142.800003,188.400009,-1.000000,-1.000000,1,75.000000,0
174,117.600006,208.800003,-1.000000,-1.000000,1,76.000000,0
175,152.400009,148.800003,-1.000000,-1.000000,1,29.000000,0
176,115.200005,171.600006,113.543098,10.633801,1,63.000000,1
177,446.400024,64.800003,-1.000000,-1.000000,1,111.000000,0
178,400.800018,58.800003,397.476776,5.301814,1,88.000000,1
179,442.800018,30.000002,437.962891,3.642494,1,153.000000,1
180,427.200012,38.400002,-1.000000,-1.000000,1,149.000000,0
181,213.600006,140.400009,213.283844,55.728409,1,93.000000,1
182,196.800003,135.600006,195.595688,14.630067,1,107.000000,1
183,224.400009,88.800003,-1.000000,-1.000000,1,97.000000,0
184,194.400009,91.200005,193.198135,14.659785,1,121.000000,1
185,82.800003,264.000000,78.844650,4.454523,1,55.000000,1
186,52.800003,267.600006,48.379749,3.986018,1,40.000000,1
187,57.600002,223.200012,-1.000000,-1.000000,1,103.000000,0
188,40.800003,213.600006,37.375301,5.144743,1,120.000000,1
189,466.800018,376.800018,-1.000000,-1.000000,1,23.000000,0
190,417.600006,392.400024,-1.000000,-1.000000,1,11.000000,0
191,460.800018,363.600006,-1.000000,-1.000000,1,47.000000,0
192,416.400024,357.600006,-1.000000,-1.000000,1,42.000000,0
193,519.600037,330.000000,487.304016,0.545554,1,75.000000,1
194,495.600006,333.600006,-1.000000,-1.000000,1,39.000000,0
195,512.400024,273.600006,-1.000000,-1.000000,1,33.000000,0
196,489.600006,300.000000,466.713898,0.769865,1,50.000000,1
197,614.400024,122.400002,612.063782,7.541687,1,71.000000,1
198,573.600037,141.600006,-1.000000,-1.000000,1,77.000000,0
199,614.400024,112.800003,-1.000000,-1.000000,1,53.000000,0
200,561.600037,86.400002,559.265259,7.546419,1,38.000000,1
201,288.000000,206.400009,285.733215,7.772777,1,71.000000,1
202,280.800018,207.600006,278.447083,7.488182,1,73.000000,1
203,300.000000,171.600006,299.145874,20.628351,1,58.000000,1
204,280.800018,158.400009,-1.000000,-1.000000,1,58.000000,0
205,594.000000,64.800003,-1.000000,-1.000000,1,59.000000,0
206,571.200012,57.600002,-1.000000,-1.000000,1,35.000000,0
207,590.400024,31.200001,-1.000000,-1.000000,1,40.000000,0
208,562.800049,30.000002,-1.000000,-1.000000,1,94.000000,0
209,208.800003,58.800003,204.858536,4.470216,1,107.000000,1
210,175.200012,72.000000,174.025864,15.005947,1,93.000000,1
211,238.800003,30.000002,-1.000000,-1.000000,1,48.000000,0
212,192.000000,38.400002,-1.000000,-1.000000,1,105.000000,0
213,374.400024,141.600006,373.501648,19.612280,1,102.000000,1
214,333.600006,127.200005,332.671783,18.981665,1,97.000000,1
215,394.800018,105.600006,-1.000000,-1.000000,1,92.000000,0
216,345.600006,103.200005,-1.000000,-1.000000,1,71.000000,0
217,464.400024,318.000000,-1.000000,-1.000000,1,49.000000,0
218,418.800018,320.400024,-1.000000,-1.000000,1,44.000000,0
219,436.800018,303.600006,-1.000000,-1.000000,1,25.000000,0
220,403.200012,295.200012,383.822357,0.909254,1,38.000000,1
221,296.400024,67.200005,292.925873,5.071515,1,95.000000,1
222,277.200012,56.400002,273.575348,4.860922,1,70.000000,1
223,301.200012,25.200001,-1.000000,-1.000000,1,38.000000,0
224,280.800018,22.800001,-1.000000,-1.000000,1,80.000000,0
225,510.000031,190.800003,-1.000000,-1.000000,1,81.000000,0
226,474.000031,205.200012,-1.000000,-1.000000,1,94.000000,0
227,534.000000,171.600006,532.735352,13.932102,1,88.000000,1
228,501.600006,170.400009,500.538452,16.597565,1,134.000000,1
229,210.000015,202.800003,-1.000000,-1.000000,1,85.000000,0
230,204.000015,195.600006,201.537033,7.153609,1,84.000000,1
231,208.800003,154.800003,-1.000000,-1.000000,1,85.000000,0
232,178.800003,148.800003,-1.000000,-1.000000,1,93.000000,0
233,438.000031,129.600006,-1.000000,-1.000000,1,119.000000,0
234,404.400024,135.600006,-1.000000,-1.000000,1,105.000000,0
235,438.000031,106.800003,-1.000000,-1.000000,1,118.000000,0
236,417.600006,102.000008,-1.000000,-1.000000,1,149.000000,0
237,514.800049,52.800003,-1.000000,-1.000000,1,66.000000,0
238,481.200012,80.400002,-1.000000,-1.000000,1,140.000000,0
239,526.800049,30.000002,524.309509,7.074455,1,128.000000,1
240,474.000031,48.000000,-1.000000,-1.000000,1,145.000000,0
241,614.400024,435.600006,-1.000000,-1.000000,1,38.000000,0
242,576.000000,432.000031,537.423767,0.456737,1,32.000000,1
243,614.400024,429.600006,-1.000000,-1.000000,1,50.000000,0
244,577.200012,398.400024,-1.000000,-1.000000,1,48.000000,0
245,316.800018,122.400002,-1.000000,-1.000000,1,93.000000,0
246,280.800018,122.400002,280.016937,22.499857,1,85.000000,1
247,298.800018,112.800003,-1.000000,-1.000000,1,77.000000,0
248,279.600006,108.000008,278.273956,13.286990,1,105.000000,1
249,373.200012,57.600002,-1.000000,-1.000000,1,126.000000,0
250,350.400024,60.000004,-1.000000,-1.000000,1,88.000000,0
251,388.800018,44.400002,385.249268,4.962109,1,139.000000,1
252,327.600006,25.200001,324.034332,4.941341,1,106.000000,1
253,445.200012,195.600006,-1.000000,-1.000000,1,85.000000,0
254,411.600006,201.600006,-1.000000,-1.000000,1,93.000000,0
255,457.200012,177.600006,-1.000000,-1.000000,1,82.000000,0
256,432.000031,163.200012,-1.000000,-1.000000,1,103.000000,0
257,589.200012,189.600006,-1.000000,-1.000000,1,104.000000,0
258,561.600037,198.000015,-1.000000,-1.000000,1,145.000000,0
259,596.400024,154.800003,-1.000000,-1.000000,1,114.000000,0
260,565.200012,171.600006,-1.000000,-1.000000,1,65.000000,0
261,609.600037,396.000031,-1.000000,-1.000000,1,57.000000,0
262,576.000000,376.800018,537.678955,0.459779,1,62.000000,1
263,612.000000,361.200012,569.869385,0.418204,1,57.000000,1
264,559.200012,348.000000,522.587524,0.481235,1,46.000000,1
265,530.400024,375.600006,-1.000000,-1.000000,1,52.000000,0
266,496.800018,368.400024,466.761444,0.586553,1,55.000000,1
267,513.600037,340.800018,481.664551,0.551713,1,68.000000,1
268,489.600006,342.000000,460.406128,0.603524,1,56.000000,1
269,394.800018,338.400024,-1.000000,-1.000000,1,29.000000,0
270,393.600006,310.800018,-1.000000,-1.000000,1,31.000000,0
271,404.400024,500.400024,-1.000000,-1.000000,1,29.000000,0
272,352.800018,468.000031,-1.000000,-1.000000,1,41.000000,0
273,442.800018,441.600006,-1.000000,-1.000000,1,35.000000,0
274,369.600006,434.400024,330.573578,0.451469,1,23.000000,1
275,566.400024,486.000031,-1.000000,-1.000000,1,26.000000,0
276,543.600037,481.200012,-1.000000,-1.000000,1,29.000000,0
277,519.600037,399.600006,-1.000000,-1.000000,1,42.000000,0
278,156.000000,363.600006,132.800003,0.759449,1,20.000000,1
279,36.000000,375.600006,-1.000000,-1.000000,1,26.000000,0
280,94.800003,273.600006,-1.000000,-1.000000,1,44.000000,0
281,46.800003,277.200012,42.155380,3.793464,1,68.000000,1
282,274.800018,387.600006,-1.000000,-1.000000,1,12.000000,0
283,210.000015,375.600006,-1.000000,-1.000000,1,20.000000,0
284,291.600006,292.800018,283.132690,2.080850,1,17.000000,1
285,170.400009,304.800018,-1.000000,-1.000000,1,8.000000,0
286,146.400009,507.600006,-1.000000,-1.000000,1,36.000000,0
287,22.800001,496.800018,-1.000000,-1.000000,1,33.000000,0
288,114.000008,429.600006,-1.000000,-1.000000,1,25.000000,0
289,58.800003,441.600006,-1.000000,-1.000000,1,37.000000,0
290,319.200012,483.600006,-1.000000,-1.000000,1,27.000000,0
291,184.800003,482.400024,-1.000000,-1.000000,1,35.000000,0
292,297.600006,459.600006,-1.000000,-1.000000,1,24.000000,0
293,198.000015,399.600006,-1.000000,-1.000000,1,23.000000,0
294,471.600006,85.200005,-1.000000,-1.000000,1,106.000000,0
295,453.600006,211.200012,447.488739,2.883070,1,110.000000,1
296,376.800018,226.800003,-1.000000,-1.000000,1,54.000000,0
297,386.400024,182.400009,-1.000000,-1.000000,1,93.000000,0
298,589.200012,213.600006,-1.000000,-1.000000,1,140.000000,0
299,488.400024,214.800003,-1.000000,-1.000000,1,88.000000,0
300,145.200012,141.600006,143.950241,14.097950,1,78.000000,1
301,36.000000,93.600006,-1.000000,-1.000000,1,25.000000,0
302,159.600006,24.000000,158.451218,15.337212,1,96.000000,1
303,28.800001,38.400002,-1.000000,-1.000000,1,17.000000,0
304,118.800003,217.200012,-1.000000,-1.000000,1,117.000000,0
305,26.400002,166.800003,22.200001,4.195049,1,160.000000,1
306,301.200012,210.000015,299.066803,8.259486,1,67.000000,1
307,214.800003,223.200012,213.628250,15.036627,1,142.000000,1
308,74.880005,185.760010,70.462952,3.988906,2,83.000000,1
309,31.680000,188.640015,27.540001,4.255849,2,112.000000,1
310,77.760002,175.680008,-1.000000,-1.000000,2,74.000000,0
311,27.360001,167.040009,23.139095,4.174273,2,86.000000,1
312,142.560013,188.640015,-1.000000,-1.000000,2,73.000000,0
313,116.640007,204.480011,-1.000000,-1.000000,2,70.000000,0
314,145.440002,151.200012,-1.000000,-1.000000,2,21.000000,0
315,113.760002,171.360001,111.791924,8.952494,2,74.000000,1
316,387.360016,325.440002,-1.000000,-1.000000,2,29.000000,0
317,335.520020,322.559998,-1.000000,-1.000000,2,14.000000,0
318,385.920013,296.640015,-1.000000,-1.000000,2,29.000000,0
319,341.279999,298.080017,-1.000000,-1.000000,2,13.000000,0
320,374.400024,142.560013,373.382690,17.319004,2,74.000000,1
321,334.080017,128.160004,333.188965,19.773489,2,87.000000,1
322,393.120026,86.400002,-1.000000,-1.000000,2,74.000000,0
323,345.600006,102.240005,-1.000000,-1.000000,2,65.000000,0
324,208.800003,203.040009,-1.000000,-1.000000,2,72.000000,0
325,204.480011,195.840012,201.814850,6.610937,2,78.000000,1
326,208.800003,154.080002,-1.000000,-1.000000,2,71.000000,0
327,178.560013,148.320007,-1.000000,-1.000000,2,87.000000,0
328,446.400024,64.800003,-1.000000,-1.000000,2,109.000000,0
329,400.320007,59.040001,397.493805,6.234235,2,88.000000,1
330,449.280029,31.680000,443.943024,3.301329,2,126.000000,1
331,427.680023,38.880001,-1.000000,-1.000000,2,134.000000,0
332,216.000015,56.160004,211.957520,4.358499,2,131.000000,1
333,175.680008,72.000000,174.469177,14.551342,2,104.000000,1
334,239.040009,30.240002,-1.000000,-1.000000,2,35.000000,0
335,191.520004,37.440002,-1.000000,-1.000000,2,98.000000,0
336,372.960022,57.600002,-1.000000,-1.000000,2,100.000000,0
337,349.920013,59.040001,-1.000000,-1.000000,2,62.000000,0
338,388.800018,44.640003,385.123566,4.792449,2,106.000000,1
339,352.800018,44.640003,349.016663,4.657032,2,70.000000,1
340,208.800003,146.880005,207.649673,15.316664,2,84.000000,1
341,195.840012,135.360001,194.521759,13.365581,2,97.000000,1
342,214.560013,96.480003,214.151031,43.080723,2,98.000000,1
343,194.400009,110.880005,193.111725,13.676493,2,104.000000,1
344,506.880005,60.480003,505.534424,13.094129,2,29.000000,1
345,480.960022,80.639999,-1.000000,-1.000000,2,149.000000,0
346,527.040039,28.800001,524.374634,6.610331,2,116.000000,1
347,473.760010,48.960003,-1.000000,-1.000000,2,146.000000,0
348,529.920044,204.480011,528.966125,18.470354,2,76.000000,1
349,473.760010,204.480011,-1.000000,-1.000000,2,71.000000,0
350,534.240051,171.360001,-1.000000,-1.000000,2,64.000000,0
351,501.120026,169.920013,500.027222,16.122938,2,113.000000,1
352,610.559998,449.280029,-1.000000,-1.000000,2,35.000000,0
353,568.800049,429.120026,-1.000000,-1.000000,2,29.000000,0
354,587.520020,411.840027,-1.000000,-1.000000,2,43.000000,0
355,565.920044,407.520020,-1.000000,-1.000000,2,36.000000,0
356,318.240021,122.400002,317.255310,17.892780,2,90.000000,1
357,280.800018,122.400002,-1.000000,-1.000000,2,78.000000,0
358,299.520020,108.000008,296.536316,5.905148,2,76.000000,1
359,279.360016,108.000008,277.814972,11.403696,2,101.000000,1
360,437.760010,129.600006,-1.000000,-1.000000,2,127.000000,0
361,404.640015,135.360001,-1.000000,-1.000000,2,70.000000,0
362,437.760010,106.560005,-1.000000,-1.000000,2,117.000000,0
363,416.160004,102.240005,-1.000000,-1.000000,2,137.000000,0
364,588.960022,190.080002,-1.000000,-1.000000,2,112.000000,0
365,548.640015,204.480011,547.222351,12.428345,2,127.000000,1
366,603.360046,174.240005,602.094788,13.925382,2,101.000000,1
367,564.480042,171.360001,-1.000000,-1.000000,2,38.000000,0
368,436.320007,204.480011,-1.000000,-1.000000,2,95.000000,0
369,410.400024,201.600006,406.216034,4.211102,2,64.000000,1
370,432.000031,164.160004,-1.000000,-1.000000,2,64.000000,0
371,394.560028,154.080002,-1.000000,-1.000000,2,98.000000,0
372,610.559998,374.400024,-1.000000,-1.000000,2,52.000000,0
373,567.360046,372.960022,529.858887,0.469831,2,60.000000,1
374,580.320007,357.120026,-1.000000,-1.000000,2,49.000000,0
375,577.440002,361.440002,538.841797,0.456477,2,45.000000,1
376,529.920044,375.840027,496.430298,0.526108,2,48.000000,1
377,496.800018,368.640015,466.652649,0.584436,2,43.000000,1
378,537.119995,357.120026,502.843994,0.514039,2,55.000000,1
379,489.600006,342.720001,460.441376,0.604254,2,53.000000,1
380,460.800018,364.320007,-1.000000,-1.000000,2,37.000000,0
381,358.560028,396.000031,-1.000000,-1.000000,2,16.000000,0
382,463.680023,309.600006,437.693573,0.678015,2,37.000000,1
383,561.600037,282.240021,-1.000000,-1.000000,2,43.000000,0
384,518.400024,331.200012,486.427551,0.551074,2,64.000000,1
385,404.640015,501.120026,-1.000000,-1.000000,2,25.000000,0
386,377.280029,489.600006,-1.000000,-1.000000,2,30.000000,0
387,442.080017,442.080017,-1.000000,-1.000000,2,30.000000,0
388,322.559998,406.080017,289.831909,0.538351,2,23.000000,1
389,565.920044,486.720032,-1.000000,-1.000000,2,22.000000,0
390,501.120026,511.200012,-1.000000,-1.000000,2,20.000000,0
391,529.920044,406.080017,-1.000000,-1.000000,2,36.000000,0
392,119.520004,339.840027,-1.000000,-1.000000,2,16.000000,0
393,36.000000,375.840027,-1.000000,-1.000000,2,26.000000,0
394,169.920013,303.840027,-1.000000,-1.000000,2,7.000000,0
395,79.200005,275.040009,75.000328,4.195374,2,61.000000,1
396,275.040009,375.840027,-1.000000,-1.000000,2,12.000000,0
397,177.120010,391.680023,-1.000000,-1.000000,2,17.000000,0
398,305.279999,296.640015,-1.000000,-1.000000,2,12.000000,0
399,133.919998,514.080017,-1.000000,-1.000000,2,32.000000,0
400,69.120003,478.080017,-1.000000,-1.000000,2,21.000000,0
401,115.200005,400.320007,-1.000000,-1.000000,2,20.000000,0
402,57.600002,446.400024,-1.000000,-1.000000,2,31.000000,0
403,250.560013,470.880005,-1.000000,-1.000000,2,22.000000,0
404,207.360016,478.080017,-1.000000,-1.000000,2,24.000000,0
405,250.560013,404.640015,-1.000000,-1.000000,2,18.000000,0
406,241.920013,406.080017,-1.000000,-1.000000,2,20.000000,0
407,573.119995,141.120010,-1.000000,-1.000000,2,67.000000,0
408,489.600006,96.480003,-1.000000,-1.000000,2,98.000000,0
409,563.040039,30.240002,-1.000000,-1.000000,2,74.000000,0
410,453.600006,211.680008,447.590271,2.931778,2,94.000000,1
411,380.160004,227.520004,-1.000000,-1.000000,2,59.000000,0
412,384.480011,171.360001,-1.000000,-1.000000,2,77.000000,0
413,564.480042,216.000015,-1.000000,-1.000000,2,99.000000,0
414,482.400024,216.000015,-1.000000,-1.000000,2,74.000000,0
415,145.440002,141.120010,144.046677,12.645435,2,64.000000,1
416,36.000000,145.440002,-1.000000,-1.000000,2,47.000000,0
417,141.120010,59.040001,-1.000000,-1.000000,2,83.000000,0
418,37.440002,40.320000,36.012321,12.341141,2,16.000000,1
419,283.680023,51.840004,280.272156,5.170157,2,87.000000,1
420,118.080002,223.200012,116.240517,9.578339,2,100.000000,1
421,40.320000,213.120010,-1.000000,-1.000000,2,122.000000,0
422,302.400024,216.000015,300.572327,9.640112,2,50.000000,1
423,214.560013,223.200012,213.264374,13.598858,2,134.000000,1
424,288.000000,205.920013,285.607971,7.365802,2,73.000000,1
425,222.912018,88.128006,-1.000000,-1.000000,3,64.000000,0
426,193.536011,88.128006,-1.000000,-1.000000,3,86.000000,0
427,216.000015,57.024006,212.039368,4.448568,3,123.000000,1
428,191.808014,38.016003,-1.000000,-1.000000,3,72.000000,0
429,445.824036,65.664009,-1.000000,-1.000000,3,107.000000,0
430,397.440033,86.400009,-1.000000,-1.000000,3,107.000000,0
431,442.368042,55.296005,436.905823,3.225651,3,131.000000,1
432,418.176025,34.560005,414.188171,4.418219,3,113.000000,1
433,530.496033,203.904022,529.498291,17.659090,3,84.000000,1
434,480.384033,210.816025,-1.000000,-1.000000,3,68.000000,0
435,533.952026,171.072021,-1.000000,-1.000000,3,60.000000,0
436,501.120056,169.344009,500.073212,16.830782,3,106.000000,1
437,369.792023,67.392006,366.329926,5.089173,3,99.000000,1
438,349.056030,58.752007,345.615051,5.120407,3,60.000000,1
439,388.800049,43.200005,385.184265,4.872861,3,97.000000,1
440,354.240021,43.200005,350.338318,4.515775,3,54.000000,1
441,480.384033,81.216011,-1.000000,-1.000000,3,133.000000,0
442,506.304047,46.656006,-1.000000,-1.000000,3,76.000000,0
443,473.472046,48.384003,-1.000000,-1.000000,3,129.000000,0
444,589.248047,190.080017,-1.000000,-1.000000,3,100.000000,0
445,549.504028,203.904022,547.863037,10.736932,3,111.000000,1
446,604.800049,174.528015,-1.000000,-1.000000,3,82.000000,0
447,544.320068,172.800018,-1.000000,-1.000000,3,29.000000,0
448,214.272018,138.240021,-1.000000,-1.000000,3,62.000000,0
449,209.088013,146.880020,208.196335,19.759615,3,83.000000,1
450,214.272018,95.040009,213.719376,31.881733,3,69.000000,1
451,176.256012,93.312012,174.866364,12.678898,3,76.000000,1
452,575.424072,387.072021,-1.000000,-1.000000,3,47.000000,0
453,566.784058,373.248047,529.146973,0.468134,3,51.000000,1
454,578.880066,347.328033,-1.000000,-1.000000,3,38.000000,0
455,544.320068,342.144043,-1.000000,-1.000000,3,31.000000,0
456,528.768066,374.976044,495.348755,0.527216,3,43.000000,1
457,501.120056,373.248047,-1.000000,-1.000000,3,27.000000,0
458,535.680054,359.424042,501.445892,0.514668,3,43.000000,1
459,501.120056,345.600037,-1.000000,-1.000000,3,46.000000,0
460,317.952026,122.688011,316.974426,18.022923,3,83.000000,1
461,281.664032,122.688011,-1.000000,-1.000000,3,58.000000,0
462,298.944031,107.136009,295.777527,5.564248,3,72.000000,1
463,279.936035,108.864014,278.458374,11.923716,3,86.000000,1
464,437.184052,131.328018,-1.000000,-1.000000,3,96.000000,0
465,404.352051,136.512009,-1.000000,-1.000000,3,63.000000,0
466,437.184052,105.408012,432.180603,3.521414,3,109.000000,1
467,416.448029,100.224007,-1.000000,-1.000000,3,135.000000,0
468,437.184052,203.904022,-1.000000,-1.000000,3,62.000000,0
469,409.536041,202.176025,405.614014,4.492373,3,65.000000,1
470,432.000031,162.432022,-1.000000,-1.000000,3,61.000000,0
471,393.984039,153.792007,-1.000000,-1.000000,3,82.000000,0
472,457.920044,340.416046,-1.000000,-1.000000,3,31.000000,0
473,343.872040,369.792023,319.323151,0.717719,3,12.000000,1
474,463.104034,309.312042,437.157928,0.679070,3,35.000000,1
475,387.072021,324.864044,-1.000000,-1.000000,3,23.000000,0
476,561.600037,281.664032,-1.000000,-1.000000,3,34.000000,0
477,518.400024,330.048035,486.317230,0.549179,3,49.000000,1
478,447.552032,485.568054,397.585510,0.352620,3,19.000000,1
479,340.416046,508.032043,285.660034,0.321777,3,24.000000,1
480,442.368042,440.640045,402.689728,0.444051,3,20.000000,1
481,323.136017,406.080048,290.447388,0.539001,3,18.000000,1
482,556.416077,494.208038,504.923370,0.342169,3,21.000000,1
483,466.560059,506.304047,-1.000000,-1.000000,3,12.000000,0
484,587.520081,411.264038,-1.000000,-1.000000,3,35.000000,0
485,530.496033,402.624023,496.754547,0.522182,3,29.000000,1
486,129.600006,349.056030,110.444496,0.919799,3,12.000000,1
487,43.200005,359.424042,-1.000000,-1.000000,3,10.000000,0
488,117.504013,311.040039,-1.000000,-1.000000,3,8.000000,0
489,77.760010,274.752014,-1.000000,-1.000000,3,48.000000,0
490,293.760040,388.800049,-1.000000,-1.000000,3,10.000000,0
491,217.728027,369.792023,-1.000000,-1.000000,3,11.000000,0
492,266.112030,283.392029,-1.000000,-1.000000,3,11.000000,0
493,126.144012,506.304047,71.889244,0.324750,3,25.000000,1
494,36.288002,506.304047,-1.000000,-1.000000,3,19.000000,0
495,115.776009,400.896027,-1.000000,-1.000000,3,12.000000,0
496,57.024006,445.824036,-1.000000,-1.000000,3,22.000000,0
497,266.112030,490.752045,215.621414,0.348960,3,19.000000,1
498,186.624023,506.304047,-1.000000,-1.000000,3,24.000000,0
499,250.560028,404.352051,-1.000000,-1.000000,3,17.000000,0
500,188.352020,406.080048,-1.000000,-1.000000,3,17.000000,0
501,335.232025,127.872009,334.419586,21.686811,3,70.000000,1
502,603.072083,136.512009,601.094177,8.908015,3,43.000000,1
503,489.024048,96.768005,-1.000000,-1.000000,3,77.000000,0
504,561.600037,34.560005,-1.000000,-1.000000,3,28.000000,0
505,449.280029,212.544022,443.273163,2.933178,3,51.000000,1
506,380.160034,226.368027,378.141510,8.728759,3,58.000000,1
507,385.344025,172.800018,-1.000000,-1.000000,3,78.000000,0
508,563.328064,212.544022,561.385559,9.070356,3,78.000000,1
509,483.840057,214.272018,-1.000000,-1.000000,3,73.000000,0
510,145.152008,139.968018,143.635345,11.617093,3,50.000000,1
511,32.832005,148.608017,-1.000000,-1.000000,3,73.000000,0
512,164.160019,67.392006,-1.000000,-1.000000,3,70.000000,0
513,283.392029,51.840004,280.030609,5.241598,3,90.000000,1
514,117.504013,222.912018,115.665489,9.583346,3,91.000000,1
515,39.744003,219.456024,36.101089,4.836571,3,102.000000,1
516,117.504013,210.816025,114.940926,6.874214,3,66.000000,1
517,43.200005,157.248016,-1.000000,-1.000000,3,84.000000,0
518,302.400024,216.000015,300.390167,8.766399,3,48.000000,1
519,214.272018,222.912018,212.884689,12.700095,3,127.000000,1
520,300.672028,209.088013,-1.000000,-1.000000,3,61.000000,0
521,212.544022,155.520020,-1.000000,-1.000000,3,83.000000,0
522,300.672028,136.857620,-1.000000,-1.000000,4,44.000000,0
523,282.009644,138.931213,-1.000000,-1.000000,4,24.000000,0
524,319.334442,122.342415,318.496368,21.023462,4,77.000000,1
525,282.009644,109.900818,280.769287,14.204958,4,57.000000,1
526,445.824066,68.428810,-1.000000,-1.000000,4,106.000000,0
527,400.204865,91.238411,-1.000000,-1.000000,4,99.000000,0
528,441.676849,55.987209,435.946747,3.074851,4,139.000000,1
529,414.720062,49.766407,411.906342,6.261890,4,103.000000,1
530,501.811279,64.281609,500.077911,10.164726,4,76.000000,1
531,481.075256,80.870415,-1.000000,-1.000000,4,132.000000,0
532,526.694458,41.472008,-1.000000,-1.000000,4,78.000000,0
533,474.854462,47.692806,-1.000000,-1.000000,4,119.000000,0
534,586.828857,211.507233,-1.000000,-1.000000,4,98.000000,0
535,549.504089,203.212830,547.661072,9.559980,4,108.000000,1
536,595.123291,155.520020,-1.000000,-1.000000,4,49.000000,0
537,545.356873,172.108826,-1.000000,-1.000000,4,24.000000,0
538,437.529663,201.139221,-1.000000,-1.000000,4,60.000000,0
539,418.867249,211.507233,-1.000000,-1.000000,4,51.000000,0
540,456.192078,172.108826,-1.000000,-1.000000,4,52.000000,0
541,408.499268,153.446426,408.115204,45.875751,4,63.000000,1
542,215.654434,126.489616,215.256256,44.249573,4,38.000000,1
543,209.433624,147.225616,-1.000000,-1.000000,4,83.000000,0
544,215.654434,105.753616,-1.000000,-1.000000,4,55.000000,0
545,213.580826,93.312012,212.917923,26.578875,4,93.000000,1
546,429.235260,124.416016,-1.000000,-1.000000,4,61.000000,0
547,404.352051,138.931213,-1.000000,-1.000000,4,48.000000,0
548,437.529663,105.753616,432.782837,3.711788,4,108.000000,1
549,418.867249,114.048019,-1.000000,-1.000000,4,134.000000,0
550,416.793671,356.659241,394.486389,0.789841,4,25.000000,1
551,344.217651,369.100861,319.612610,0.716081,4,14.000000,1
552,441.676849,315.187256,-1.000000,-1.000000,4,25.000000,0
553,387.763245,323.481659,-1.000000,-1.000000,4,21.000000,0
554,576.460876,385.689667,-1.000000,-1.000000,4,44.000000,0
555,514.252869,377.395264,482.437500,0.553796,4,41.000000,1
556,568.166504,306.892853,539.593994,0.616649,4,31.000000,1
557,518.400085,329.702454,486.468445,0.551779,4,35.000000,1
558,402.278442,485.222473,-1.000000,-1.000000,4,16.000000,0
559,377.395264,489.369659,-1.000000,-1.000000,4,16.000000,0
560,443.750458,439.603271,404.303375,0.446654,4,19.000000,1
561,371.174438,433.382446,332.115265,0.451090,4,14.000000,1
562,557.798462,493.516876,505.896362,0.339470,4,18.000000,1
563,518.400085,485.222473,-1.000000,-1.000000,4,11.000000,0
564,564.019287,391.910461,526.788452,0.473242,4,34.000000,1
565,532.915283,402.278442,499.021820,0.519841,4,30.000000,1
566,130.636826,348.364838,111.425522,0.917127,4,12.000000,1
567,43.545605,358.732849,-1.000000,-1.000000,4,8.000000,0
568,87.091209,273.715240,82.909065,4.212961,4,38.000000,1
569,294.451233,387.763245,-1.000000,-1.000000,4,10.000000,0
570,178.329620,389.836853,-1.000000,-1.000000,4,10.000000,0
571,313.113647,282.009644,302.692596,1.690733,4,11.000000,1
572,116.121613,460.339264,-1.000000,-1.000000,4,7.000000,0
573,95.385612,472.780853,-1.000000,-1.000000,4,12.000000,0
574,116.121613,400.204865,-1.000000,-1.000000,4,11.000000,0
575,55.987209,445.824066,-1.000000,-1.000000,4,17.000000,0
576,298.598450,456.192078,255.120758,0.405247,4,14.000000,1
577,190.771225,468.633667,144.310379,0.379227,4,20.000000,1
578,250.905640,402.278442,-1.000000,-1.000000,4,10.000000,0
579,199.065628,398.131256,-1.000000,-1.000000,4,9.000000,0
580,371.174438,105.753616,-1.000000,-1.000000,4,65.000000,0
581,371.174438,66.355209,367.575104,4.895130,4,85.000000,1
582,574.387268,141.004822,572.105286,7.721011,4,35.000000,1
583,472.780853,109.900818,-1.000000,-1.000000,4,48.000000,0
584,543.283264,51.840008,-1.000000,-1.000000,4,29.000000,0
585,404.352051,223.948837,399.513672,3.641553,4,39.000000,1
586,381.542450,226.022430,379.455322,8.441846,4,48.000000,1
587,385.689667,172.108826,384.967499,24.397663,4,69.000000,1
588,597.196899,215.654434,-1.000000,-1.000000,4,54.000000,0
589,501.811279,217.728027,499.461761,7.499075,4,59.000000,1
590,499.737671,174.182419,-1.000000,-1.000000,4,107.000000,0
591,145.152023,138.931213,-1.000000,-1.000000,4,44.000000,0
592,41.472008,95.385612,-1.000000,-1.000000,4,11.000000,0
593,174.182419,39.398407,172.775101,12.519708,4,65.000000,1
594,93.312012,58.060806,-1.000000,-1.000000,4,14.000000,0
595,284.083252,51.840008,-1.000000,-1.000000,4,92.000000,0
596,215.654434,55.987209,211.665558,4.417086,4,91.000000,1
597,116.121613,221.875229,114.115707,8.783671,4,75.000000,1
598,39.398407,219.801636,35.801987,4.899097,4,77.000000,1
599,114.048019,178.329620,-1.000000,-1.000000,4,59.000000,0
600,39.398407,196.992035,-1.000000,-1.000000,4,78.000000,0
601,302.745636,215.654434,300.236694,7.022567,4,36.000000,1
602,178.329620,215.654434,176.306076,8.707105,4,123.000000,1
603,300.672028,207.360031,-1.000000,-1.000000,4,54.000000,0
604,213.580826,153.446426,212.934540,27.262251,4,92.000000,1
